time,open,high,low,close,Volume
1685640600,4218.14,4225.16,4216.56,4223.72,213934700
1685644200,4223.76,4232.43,4221.52,4222.19,286229210
1685647800,4222.23,4222.91,4212.04,4221.01,751221920
1685712600,4241.01,4267.09,4241.01,4258.27,545675099
1685716200,4258.02,4279.95,4254.62,4279.1,359690880
1685719800,4278.89,4280.08,4270.94,4277.57,279627060
1685723400,4277.54,4286.68,4276.51,4286.04,229006050
1685727000,4285.95,4286.46,4278.25,4282.6,232805460
1685730600,4282.65,4290.67,4282.12,4284.42,258295850
1685734200,4284.47,4287.19,4281.36,4282.38,725800900
1685971800,4283.57,4296.58,4279.56,4282.39,403323187
1685975400,4282.3,4292.6,4281.33,4292.2,279622860
1685979000,4292.03,4297.7,4288.51,4295.8,187149390
1685982600,4295.8,4299.28,4286.32,4288.14,190332090
1685986200,4288.17,4288.58,4280.3,4282.82,203823400
1685989800,4282.82,4283.31,4266.82,4274.83,297446070
1685993400,4274.86,4279.47,4272.94,4273.78,622317440
1686058200,4271.34,4278.82,4263.09,4277.02,415558380
1686061800,4276.98,4286.88,4272.1,4277.34,313708890
1686065400,4277.39,4287.01,4277.39,4279.47,237007400
1686069000,4279.52,4281.03,4270.56,4275.21,207340020
1686072600,4275.24,4277.18,4268.5,4277.18,195103090
1686076200,4277.01,4284.56,4275.65,4283.65,213326100
1686079800,4283.69,4288.33,4278.27,4283.86,617092510
1686144600,4285.59,4299.19,4282.55,4286.47,499882550
1686148200,4286.51,4288.97,4273.22,4280.32,338330200
1686151800,4280.32,4284.59,4269.17,4271.27,278036650
1686155400,4271.33,4277.99,4264.33,4270.17,262502250
1686159000,4268.53,4276.29,4263.96,4272.43,230145050
1686162600,4272.44,4274.86,4265.91,4271.48,268814730
1686166200,4271.25,4273.94,4264,4267.51,795132160
1686231000,4267.89,4276.68,4261.07,4276.15,442357610
1686234600,4276.21,4284.9,4272.19,4284.9,284601140
1686238200,4284.99,4293.73,4279.69,4293.22,234172660
1686241800,4293.21,4293.39,4285.78,4286.25,187245940
1686245400,4286.24,4289.14,4279.61,4288.94,188767760
1686249000,4288.95,4294.48,4288.95,4292.19,220848790
1686252600,4292.24,4298.01,4290.72,4293.92,621954060
1686317400,4306.8,4321.99,4302.23,4320.62,473517050
1686321000,4320.75,4322.62,4300.31,4301.19,302192260
1686324600,4301.2,4304.66,4292.05,4295.21,230000680
1686328200,4295.17,4303.98,4291.7,4303.95,178991000
1686331800,4304.02,4309.93,4303.84,4306.41,174026290
1686335400,4306.42,4307.11,4300.11,4303.5,199408660
1686339000,4303.51,4304.73,4297.55,4298.87,551106650
1686576600,4311.92,4312.65,4305.1,4309.45,501352060
1686580200,4309.57,4310.26,4304.37,4308.99,309938790
1686583800,4308.97,4315.01,4308.97,4314.24,244462920
1686587400,4314.26,4318.3,4314.21,4315.72,196505540
1686591000,4315.77,4321.05,4314.4,4319.22,193707990
1686594600,4319.25,4338.86,4319.14,4335.02,260323010
1686598200,4335,4340.13,4333.01,4338.92,724110210
1686663000,4354.25,4373.41,4349.31,4359.01,534590460
1686666600,4358.81,4374.66,4354.39,4369.35,303083580
1686670200,4369.39,4370.44,4360.04,4368.59,244844760
1686673800,4368.59,4375.37,4366.82,4372.49,207248550
1686677400,4372.57,4374.35,4358.88,4361.06,226190920
1686681000,4361.01,4369.56,4356.13,4365.75,256563640
1686684600,4365.71,4369.8,4363.57,4369.02,722492650
1686749400,4366.29,4383.28,4366.29,4378.24,475616410
1686753000,4378.28,4391.82,4378.04,4387.95,288220030
1686756600,4387.82,4388.55,4377.69,4383.24,213827270
1686760200,4383.28,4383.34,4372.3,4374.37,195668280
1686763800,4374.37,4375.78,4337.85,4346.25,317077850
1686767400,4346.32,4382.41,4341.62,4367.91,372559870
1686771000,4367.78,4372.85,4352.87,4372.58,736520220
1686835800,4364.34,4396.61,4362.6,4395.11,484077730
1686839400,4395.28,4408.01,4385.08,4407.97,292947750
1686843000,4408.01,4411.95,4402.15,4409.61,244947250
1686846600,4409.76,4412.11,4402.42,4409.34,215160730
1686850200,4409.39,4420.59,4408.86,4419.19,228991450
1686853800,4419.31,4439.2,4419.17,4432.13,285435020
1686857400,4432.23,4435.12,4421.95,4425.85,792137330
1686922200,4440.95,4448.47,4425.67,4441.21,825548080
1686925800,4441.21,4441.21,4421.16,4424.77,282828000
1686929400,4424.74,4434.59,4421.55,4434.02,230958350
1686933000,4434.22,4440.58,4431.08,4431.47,191415550
1686936600,4431.53,4432.19,4425.36,4427.46,191167600
1686940200,4427.44,4427.44,4411.09,4413.26,286778770
1686943800,4413.06,4420.43,4407.44,4409.6,1907911550
1687267800,4391,4398.67,4367.63,4369.61,496468320
1687271400,4369.68,4380.25,4367.19,4376.3,268782600
1687275000,4376.19,4389.96,4375.99,4388.88,218778530
1687278600,4388.98,4400.15,4387.61,4397.34,193595260
1687282200,4397.38,4399.02,4390.46,4396.78,184170390
1687285800,4396.81,4397.07,4389.08,4391.58,216529780
1687289400,4391.59,4396.65,4388.08,4388.72,785774280
1687354200,4377.2,4377.2,4360.56,4369.15,424295660
1687357800,4369.49,4372.99,4360.14,4369.72,308379380
1687361400,4369.73,4378.1,4367.31,4375.19,224288660
1687365000,4375.22,4378.14,4365.81,4367.72,198459600
1687368600,4367.69,4383.46,4366.9,4383.41,187823830
1687372200,4383.44,4386.22,4374.11,4374.11,214219930
1687375800,4374.12,4374.74,4363.28,4365.68,719864670
1687440600,4355.4,4376.07,4351.82,4372.43,442383950
1687444200,4372.41,4374.47,4357.21,4364.52,269110480
1687447800,4364.65,4374.57,4363.53,4368.52,212862900
1687451400,4368.59,4372.69,4360.85,4366.18,177658740
1687455000,4366.52,4375.79,4364.52,4375.55,173809770
1687458600,4375.6,4380.73,4372.05,4372.21,215757230
1687462200,4372.26,4382.25,4370,4381.9,560959750
1687527000,4350.18,4355.86,4343.64,4352.83,413140720
1687530600,4352.91,4358.18,4344.63,4347.35,260840910
1687534200,4347.57,4361.65,4346.11,4361.49,207146290
1687537800,4361.5,4364.86,4358.45,4364.1,180964560
1687541400,4364.16,4366.55,4354.99,4356.2,188392240
1687545000,4356.23,4356.45,4341.34,4347.62,250439120
1687548600,4347.61,4355.61,4346.56,4348.32,1282006460
1687786200,4344.84,4362.06,4342.58,4356.39,417166820
1687789800,4356.44,4356.46,4339.46,4340.92,285006470
1687793400,4340.93,4348.82,4334.56,4339.5,251740970
1687797000,4339.56,4342.37,4332.88,4342.11,197210080
1687800600,4342.12,4342.67,4333.72,4336.86,173641550
1687804200,4336.94,4345.08,4336.58,4342.41,208996940
1687807800,4342.44,4344.28,4328.08,4328.81,690461520
1687872600,4338.69,4348.38,4335,4344.17,432832770
1687876200,4344.3,4355.34,4342.18,4354.83,276690420
1687879800,4354.78,4363.05,4354.12,4362.49,223819820
1687883400,4362.61,4372.87,4361.51,4371.56,202208180
1687887000,4371.55,4381.77,4371.55,4380.76,201154830
1687890600,4380.77,4383.83,4377.07,4383.75,234137750
1687894200,4383.72,4384.42,4377.3,4378.4,683640660
1687959000,4367.48,4372.95,4360.22,4371.67,448441850
1687962600,4371.74,4381.22,4370.64,4376.32,302982350
1687966200,4376.8,4390.35,4375.99,4381.32,227945350
1687969800,4381.31,4381.41,4362.36,4373.58,208264940
1687973400,4373.82,4376.36,4366.76,4374.73,185799780
1687977000,4374.67,4375.72,4362.7,4369.72,224586530
1687980600,4369.81,4377.52,4368.17,4376.85,647594510
1688045400,4374.94,4389.64,4371.97,4382.19,441036423
1688049000,4382.33,4392.41,4375.47,4391.99,273975590
1688052600,4391.99,4397.57,4388.33,4396.57,200426960
1688056200,4396.71,4398.39,4385.87,4393.03,176102290
1688059800,4393.02,4393.35,4380.09,4387.83,187089400
1688063400,4387.86,4393.56,4384.47,4392.49,209038460
1688067000,4392.16,4397.16,4387.36,4396.45,605550530
1688131800,4427.84,4449.13,4427.36,4445.96,456406930
1688135400,4445.99,4448.71,4436.24,4442.63,284352270
1688139000,4442.57,4446.09,4435.92,4446.09,211529400
1688142600,4446.21,4451.47,4445.73,4450.94,170892020
1688146200,4450.99,4456.72,4450.7,4456.3,185111440
1688149800,4456.31,4456.95,4451.79,4456.04,225465530
1688153400,4456.02,4458.48,4449.95,4450.37,906740770
1688391000,4447.34,4452.38,4442.29,4450.89,423156400
1688394600,4450.94,4452.02,4446.49,4451.53,257274640
1688398200,4451.52,4455.28,4450.07,4454.66,213431000
1688401800,4454.69,4456.46,4452.99,4455.58,325593990
1688563800,4437.86,4451.6,4436.61,4449.92,438451270
1688567400,4449.93,4454.06,4447.11,4450.96,267624970
1688571000,4450.83,4453.44,4445.53,4447.68,202733250
1688574600,4447.74,4448.97,4442.61,4446.92,179595260
1688578200,4446.95,4450.91,4438.67,4442.53,172997450
1688581800,4442.5,4452.53,4442.5,4452.3,203256860
1688585400,4452.36,4452.81,4446.61,4446.81,627414440
1688650200,4411.16,4411.35,4389.28,4392.18,464635690
1688653800,4392.08,4392.9,4385.05,4388.05,270725120
1688657400,4387.98,4402.78,4387.84,4402.6,210269370
1688661000,4402.66,4410.32,4401.69,4407.42,169688700
1688664600,4407.43,4412,4404.87,4407.6,175097790
1688668200,4407.61,4415.57,4407.43,4412.13,215184970
1688671800,4412.23,4414.5,4409.63,4411.6,665718780
1688736600,4399.98,4416.17,4398.03,4409.76,360283000
1688740200,4408.6,4415.09,4402.56,4413.55,226632280
1688743800,4413.57,4424.81,4413.43,4424.68,203131810
1688747400,4424.72,4440.37,4424.67,4440.27,199986140
1688751000,4440.31,4440.39,4429.53,4431.86,182478620
1688754600,4431.89,4432.41,4416.53,4416.96,202549920
1688758200,4417.01,4419.41,4397.4,4398.96,696854830
1688995800,4394.23,4412.6,4394.23,4406.59,445530470
1688999400,4406.47,4407.42,4394.55,4401.21,263853570
1689003000,4401.25,4404.75,4389.92,4397.69,217618850
1689006600,4397.72,4405.15,4396.76,4405.15,183695410
1689010200,4405.19,4408.06,4399.61,4407.81,180962060
1689013800,4407.86,4408.18,4401.94,4403.97,213497330
1689017400,4403.97,4410.23,4400.26,4409.54,630224030
1689082200,4415.55,4424.33,4408.46,4416.53,410387640
1689085800,4416.71,4423.6,4414.32,4419.93,287979670
1689089400,4419.88,4430.83,4418.15,4422.32,241613990
1689093000,4422.38,4427.04,4420.06,4422.59,176691880
1689096600,4422.61,4425.24,4416.8,4420.71,179571820
1689100200,4420.78,4429.86,4417.6,4429.31,211939560
1689103800,4429.31,4443.64,4426.03,4439.25,595213470
1689168600,4476.26,4487.19,4472.95,4485.6,502047340
1689172200,4485.65,4488.34,4479.77,4479.95,270417620
1689175800,4479.94,4481.01,4463.23,4467.32,248928870
1689179400,4467.47,4476.27,4466.76,4475.7,177766100
1689183000,4475.74,4481.17,4474.48,4480.64,178186460
1689186600,4480.68,4481.31,4465.99,4470.12,228231520
1689190200,4470.2,4475.84,4469.62,4472.15,692929010
1689255000,4492.34,4499.04,4489.36,4492.82,464587450
1689258600,4492.95,4498.68,4492.8,4494.51,271161690
1689262200,4494.56,4501.17,4492.81,4499.45,205981790
1689265800,4499.23,4502.71,4495.81,4500.74,177702670
1689269400,4500.73,4506.31,4500.26,4502.72,186793490
1689273000,4502.7,4512.52,4501.64,4511.73,239132990
1689276600,4511.76,4517.38,4509.63,4510.05,648770960
1689341400,4517.93,4527.76,4517.37,4518.95,474207488
1689345000,4518.64,4520.91,4509.14,4517.63,321264940
1689348600,4517.62,4521.86,4511.34,4511.71,222555340
1689352200,4511.81,4514.82,4505.99,4511.24,207702110
1689355800,4511.34,4516.31,4509.24,4509.36,193764520
1689359400,4509.45,4511.63,4500.22,4504.28,241459190
1689363000,4504.66,4506.11,4499.56,4505.41,603684490
1689600600,4507.14,4514.78,4504.9,4511.99,499150960
1689604200,4511.88,4517.88,4510.23,4517.3,287340570
1689607800,4517.27,4521.21,4515.76,4516.3,241027090
1689611400,4516.31,4520.42,4514.13,4518.21,205117740
1689615000,4518.37,4524.76,4518.02,4523.86,214824670
1689618600,4523.89,4532.85,4520.41,4529.4,263780580
1689622200,4528.9,4529.11,4520.43,4522.78,602629000
1689687000,4519.15,4532.38,4514.59,4530,538379810
1689690600,4530.07,4540.33,4527.46,4537.1,288178480
1689694200,4537.09,4547.51,4534.27,4543.77,290633710
1689697800,4543.92,4548.16,4541.78,4545.91,218048570
1689701400,4545.96,4556.8,4545.27,4556.8,204142850
1689705000,4556.84,4562.3,4551.95,4558.98,261201390
1689708600,4558.58,4562.07,4554.4,4554.97,704172110
1689773400,4567.14,4577.63,4566.91,4572.49,543558200
1689777000,4572.46,4575.68,4560.94,4571.53,320910800
1689780600,4571.57,4578.43,4565.44,4567.84,295389180
1689784200,4567.81,4568,4560.6,4565.25,230387230
1689787800,4565.24,4567.3,4557.48,4560.62,216750240
1689791400,4560.62,4574.65,4560.62,4572.08,254410740
1689795000,4572.05,4572.05,4565.26,4565.71,674405320
1689859800,4554.38,4564.74,4545.51,4547.57,536049640
1689863400,4547.43,4554.69,4541.41,4550.52,341967950
1689867000,4550.32,4560.73,4550.21,4551.64,257736130
1689870600,4551.76,4552.57,4545.42,4550.09,219545290
1689874200,4550.07,4551.26,4534.28,4534.28,212082820
1689877800,4534.26,4540.52,4527.56,4528.3,294191010
1689881400,4528.29,4537.01,4528.29,4534.86,701418280
1689946200,4553.09,4554.17,4536.01,4537,491419900
1689949800,4536.9,4552.07,4536.67,4551.51,294899830
1689953400,4551.48,4553.7,4544.56,4544.59,238872570
1689957000,4544.66,4551.24,4539.76,4551.18,206127550
1689960600,4551.22,4555,4544.63,4546.85,217633960
1689964200,4546.83,4551.49,4536.56,4539.85,255563050
1689967800,4540,4540.51,4535.79,4536.35,1314075440
1690205400,4543.39,4557.59,4541.29,4554.62,408407903
1690209000,4554.8,4559.23,4551.12,4556.29,279590350
1690212600,4556.15,4560.49,4551.03,4558.25,219792750
1690216200,4558.31,4559.8,4553.48,4557.8,194358990
1690219800,4557.81,4563.41,4555.75,4559.42,180894500
1690223400,4559.38,4559.41,4547.47,4547.77,211100050
1690227000,4547.82,4555.14,4547.77,4554.65,585803120
1690291800,4553.67,4564.38,4552.42,4561.33,472200030
1690295400,4561.17,4564.28,4557.82,4563.1,272402340
1690299000,4563.2,4569.52,4562.99,4567.42,221406020
1690302600,4567.45,4574.71,4566.32,4573.35,193580450
1690306200,4573.42,4577.8,4570.83,4576.93,192211660
1690309800,4577.27,4580.62,4571.21,4573.16,262924140
1690313400,4573.12,4574.22,4567.05,4567.45,633381180
1690378200,4558.96,4565.1,4556.37,4560.04,455684020
1690381800,4560.07,4561.64,4552.73,4557.04,292790490
1690385400,4557.1,4564.31,4556.41,4559.38,196208630
1690389000,4559.46,4560.07,4553.92,4555.93,166794810
1690392600,4555.78,4562.83,4552.39,4556.54,199417790
1690396200,4556.66,4582.47,4547.58,4558.14,325521790
1690399800,4558.21,4568.07,4554.25,4566.74,644390750
1690464600,4602.35,4607.07,4588.87,4589.22,541494680
1690468200,4589.33,4597.61,4583.86,4589.84,316602160
1690471800,4590.17,4597.12,4585.11,4596.98,239310390
1690475400,4596.98,4599.21,4575.95,4576.24,232519510
1690479000,4576.44,4577.03,4551.52,4552.32,254913720
1690482600,4552.35,4555.61,4537.01,4540.31,302553300
1690486200,4540.32,4543.88,4528.56,4537.4,748887290
1690551000,4571.73,4581.37,4564.66,4576.45,490938970
1690554600,4576.44,4588.63,4572.61,4586.86,286813600
1690558200,4586.9,4590.16,4581.77,4588.97,232868650
1690561800,4588.98,4589.05,4574.79,4574.82,194353710
1690565400,4574.8,4581.5,4564.01,4581.43,199204130
1690569000,4581.3,4585.89,4574.69,4579.23,233887340
1690572600,4579.3,4584.56,4576.38,4582.24,671573760
1690810200,4587.23,4594.22,4578.31,4589.29,375403896
1690813800,4589.36,4590.68,4583.95,4585.72,240330180
1690817400,4585.71,4586.25,4579.51,4584.78,199019590
1690821000,4584.7,4584.79,4575.32,4578.84,168332650
1690824600,4578.81,4584.09,4577.51,4579.51,177299150
1690828200,4579.43,4584.31,4577.36,4579.42,202347330
1690831800,4579.45,4589.88,4573.14,4588.97,960202310
1690896600,4577.47,4584.62,4567.66,4571.64,463637990
1690900200,4571.65,4578.85,4570.48,4574.95,282588220
1690903800,4574.97,4575.39,4569.18,4570.3,217210250
1690907400,4570.28,4577.37,4567.53,4575.57,168681500
1690911000,4575.71,4581.91,4572.44,4578.12,175033350
1690914600,4578.34,4582.36,4577.65,4579.24,203503620
1690918200,4579.34,4581.48,4574.69,4576.72,572642920
1690983000,4546.46,4546.9,4528.49,4532.03,490163610
1690986600,4531.97,4534.82,4516.68,4523.24,323343190
1690990200,4523.1,4528.29,4511.51,4513.97,273992700
1690993800,4514.04,4523.7,4512.75,4522.97,209628300
1690997400,4522.95,4526.25,4516.5,4519.98,192748280
1691001000,4520.01,4521.01,4506.14,4506.29,237902350
1691004600,4506.24,4518.64,4505.75,4513.4,702123500
1691069400,4492.77,4504.06,4485.96,4485.96,474890920
1691073000,4485.99,4507.22,4485.54,4505.99,300715780
1691076600,4506.04,4510.39,4503.15,4508.52,233317650
1691080200,4508.73,4519.49,4508.68,4516.27,208008340
1691083800,4516.31,4517.34,4504.7,4510.01,197875840
1691087400,4510.05,4512.8,4499.94,4504.31,240634040
1691091000,4504.14,4508.42,4501.18,4501.88,637926210
1691155800,4516.66,4530.22,4500.17,4515.64,515177670
1691159400,4515.43,4527.42,4515.43,4527.19,292906200
1691163000,4527.2,4536.42,4523.54,4536.38,230525230
1691166600,4536.45,4540.34,4526.37,4528.14,196098840
1691170200,4527.94,4529.79,4491.3,4494.03,245430600
1691173800,4494.04,4496.16,4478.57,4482.59,280854690
1691177400,4482.62,4484.99,4474.55,4478.02,619603450
1691415000,4497.33,4508.51,4491.15,4507.17,408137080
1691418600,4507.21,4510.16,4495.19,4497.94,263603660
1691422200,4498.03,4507.94,4494.01,4507.23,199220900
1691425800,4507.23,4510.7,4501.43,4507.66,190709930
1691429400,4507.84,4516.13,4506.55,4507.5,180970590
1691433000,4507.67,4515.17,4507.67,4508.82,198508360
1691436600,4508.98,4519.84,4507.85,4518.43,581165900
1691501400,4494.9,4495.07,4465.74,4473.66,439184530
1691505000,4473.27,4475.24,4464.39,4473.39,275393640
1691508600,4473.32,4477.56,4466.92,4475.9,215788310
1691512200,4476.01,4485.2,4474.11,4480.36,186108740
1691515800,4480.41,4490.8,4477,4487.9,193121000
1691519400,4487.93,4498.85,4485.75,4497.33,219642690
1691523000,4497.29,4503.31,4493.17,4499.39,605789280
1691587800,4502.44,4502.44,4491.32,4495.44,341481950
1691591400,4495.47,4497.08,4469.49,4470.98,281270020
1691595000,4471.18,4474.6,4461.33,4470.92,220541450
1691598600,4470.93,4486.21,4470.69,4484.78,161099890
1691602200,4484.82,4496.35,4484.8,4495.8,169482260
1691605800,4495.8,4499.51,4485.56,4488.76,212094120
1691609400,4488.79,4489.16,4465.52,4467.7,616883310
1691674200,4492.15,4527.37,4490.06,4519.33,390594240
1691677800,4519.49,4523.35,4490.77,4499.01,274665240
1691681400,4499.05,4504.2,4472.49,4478.86,225118590
1691685000,4478.94,4489.65,4468.26,4470.84,197039470
1691688600,4470.9,4480.05,4457.92,4475.13,209751310
1691692200,4475.11,4484.94,4469.68,4472.23,221010040
1691695800,4472.42,4472.42,4461.17,4468.84,549993020
1691760600,4450.69,4475.53,4443.98,4470.28,363201000
1691764200,4470.17,4476.23,4454.15,4455.56,227415830
1691767800,4455.56,4468.31,4452.88,4460.44,196971910
1691771400,4460.47,4464.38,4454.62,4463.92,156335240
1691775000,4463.89,4468.41,4454.43,4466.43,166172160
1691778600,4466.38,4471.65,4461.74,4468.6,191974250
1691782200,4468.57,4470.71,4459.8,4464.06,520211250
1692019800,4456.49,4472.94,4453.44,4468.51,375753230
1692023400,4468.58,4485.48,4468.24,4480.91,225835600
1692027000,4480.98,4486.85,4473.38,4476.09,185337970
1692030600,4476.14,4485.92,4474.07,4482.85,160463990
1692034200,4482.84,4484.42,4474.76,4477.58,165790420
1692037800,4477.65,4481.13,4473.3,4478.27,188505750
1692041400,4478.21,4490.33,4476.95,4489.71,617149870
1692106200,4474.12,4475.57,4445.8,4449.19,386271800
1692109800,4449.07,4458.42,4443.82,4457.39,236166710
1692113400,4457.43,4461.89,4451.48,4455.2,188648290
1692117000,4455.21,4455.98,4447.14,4453.87,172664690
1692120600,4453.81,4454.2,4445.66,4447.49,162937720
1692124200,4447.5,4454.56,4435.52,4435.52,209910110
1692127800,4435.48,4442.3,4432.19,4437.85,592730930
1692192600,4431.16,4449.95,4431.16,4442.31,361172480
1692196200,4442.17,4449.16,4438.9,4442.71,221800590
1692199800,4442.84,4443.29,4425.2,4426.26,201735650
1692203400,4426.27,4431.91,4417.99,4421.28,177098530
1692207000,4421.25,4435.95,4417.21,4434.3,197185870
1692210600,4434.3,4438.11,4406.15,4409.15,239557620
1692214200,4409.19,4414.22,4403.55,4404.32,558309130
1692279000,4417.23,4421.17,4405.76,4408.2,422992680
1692282600,4408.24,4412.29,4399.87,4400.03,281439530
1692286200,4400.01,4412.38,4396.96,4410.49,208165250
1692289800,4410.53,4412.71,4399.16,4399.96,174614420
1692293400,4400.04,4400.04,4387.58,4391.92,185320770
1692297000,4391.95,4392.04,4364.83,4374.85,282313300
1692300600,4375.11,4378.79,4367.03,4370.37,628408050
1692365400,4344.88,4358.22,4335.31,4345.4,436856730
1692369000,4345.37,4367.14,4344.74,4359.41,262663560
1692372600,4359.41,4372.17,4354.15,4364.22,209804640
1692376200,4364.17,4371.47,4354.53,4361.63,177787700
1692379800,4361.7,4369.1,4358.53,4366.38,172171410
1692383400,4366.3,4373.87,4360.45,4367.67,212473450
1692387000,4367.81,4381.82,4365.5,4369.72,654594330
1692624600,4380.28,4395.6,4372.42,4373.04,386108760
1692628200,4373.13,4377.34,4365.21,4366.65,235467300
1692631800,4366.68,4376.06,4360.3,4375.94,186746930
1692635400,4375.97,4387.69,4373.1,4385.8,181028220
1692639000,4385.81,4393.33,4385.2,4390.1,183498930
1692642600,4390.13,4403.74,4389.42,4400.87,223945920
1692646200,4400.9,4407.55,4398.04,4399.76,580516500
1692711000,4417.79,4418.59,4401.27,4402.04,354393910
1692714600,4402.16,4405.32,4393.72,4400.62,239668720
1692718200,4400.6,4403.39,4384.89,4392.02,203953400
1692721800,4392.08,4399.92,4383.61,4389.03,176309480
1692725400,4389.09,4392.86,4383.83,4392.46,161949860
1692729000,4392.5,4400.95,4387.21,4391.66,204517990
1692732600,4391.68,4391.68,4382.77,4387.54,533412880
1692797400,4398.33,4418.15,4397.24,4415.65,382162530
1692801000,4415.72,4429.72,4413.53,4428.49,241964350
1692804600,4428.53,4430.52,4423.54,4427.61,200717640
1692808200,4427.62,4439.76,4426.75,4439.16,157762580
1692811800,4439.17,4443.18,4433.76,4436.22,170270800
1692815400,4436.23,4438.66,4430.96,4438.6,193449080
1692819000,4438.65,4440.78,4431.34,4436.02,608476720
1692883800,4455.16,4458.3,4428.64,4428.64,398761570
1692887400,4428.56,4428.87,4408.42,4412.86,253981040
1692891000,4412.54,4412.54,4398.23,4406.73,191341960
1692894600,4406.72,4414.42,4396.75,4397.94,159815540
1692898200,4397.98,4404.89,4396.75,4397.81,162531500
1692901800,4397.85,4399.9,4391.48,4392.83,208895850
1692905400,4392.96,4395.08,4375.55,4376.32,663288290
1692970200,4391.73,4416.85,4378.77,4382.16,362778280
1692973800,4382.07,4386.06,4356.29,4385.88,286809890
1692977400,4385.87,4393.82,4373.55,4393.74,201693680
1692981000,4393.99,4396.53,4382.79,4386.47,160863090
1692984600,4386.68,4409.8,4380.12,4409.56,163984280
1692988200,4409.59,4418.46,4404.16,4415.4,207922310
1692991800,4415.43,4417.41,4401.66,4405.72,563117280
1693229400,4428.79,4438.37,4424.3,4437.18,320393800
1693233000,4437.45,4438.16,4418.63,4420.42,191274170
1693236600,4420.49,4425.34,4414.98,4418.37,157130050
1693240200,4418.38,4438.15,4416.66,4433.38,147701680
1693243800,4433.41,4435.31,4415.17,4418.42,149152400
1693247400,4418.47,4429.31,4416.33,4424.51,167911840
1693251000,4424.36,4439.56,4422.77,4433.32,507581590
1693315800,4433.01,4466.86,4431.68,4465.84,349067420
1693319400,4465.87,4475.66,4461.51,4474.58,250160130
1693323000,4474.63,4490.17,4474.53,4489.09,192840440
1693326600,4489.2,4490.23,4481.92,4488.78,159097340
1693330200,4488.85,4493.49,4483.53,4489.74,173117450
1693333800,4489.73,4498.59,4488.24,4497.98,207338700
1693337400,4497.96,4500.14,4493.54,4497.64,577680060
1693402200,4500.34,4521.35,4493.59,4498.12,361044140
1693405800,4498.27,4512.07,4498.27,4510.22,217063350
1693409400,4510.18,4519.54,4509.5,4518.45,174085980
1693413000,4518.65,4521.65,4515.02,4515.2,148050420
1693416600,4515.19,4519.18,4505.88,4506.82,167091680
1693420200,4506.86,4519.24,4506.62,4514.5,187426160
1693423800,4514.48,4517.07,4510.89,4514.88,540216860
1693488600,4517.01,4530.89,4517.01,4530.17,331065740
1693492200,4530.89,4532.26,4520.42,4525.19,217696650
1693495800,4525.01,4526.46,4515.74,4517.91,171663440
1693499400,4517.9,4521.94,4508.12,4521.73,159426370
1693503000,4521.7,4526.04,4515.87,4524.02,155321590
1693506600,4524.03,4524.38,4512.5,4516.04,199381470
1693510200,4516.05,4520.87,4507.39,4507.67,956804080
1693575000,4530.6,4541.25,4516.81,4530.79,391978310
1693578600,4530.93,4530.93,4511.34,4512.78,244543910
1693582200,4512.98,4514.08,4501.35,4510.13,197230160
1693585800,4510.13,4514,4505.71,4508.17,160886330
1693589400,4508.09,4512.27,4504.01,4505.74,160557170
1693593000,4505.78,4514.41,4503.52,4514.28,195755960
1693596600,4514.32,4516.87,4510.07,4515.78,574069130
1693920600,4509.25,4512.1,4496.26,4502.83,402052013
1693924200,4502.78,4514.29,4496.57,4507.12,260678070
1693927800,4507.09,4510.84,4502.98,4507.98,199525190
1693931400,4507.96,4510.76,4499.96,4500.01,173874820
1693935000,4500.03,4508.31,4498.96,4507.75,176123190
1693938600,4507.75,4510.08,4500.69,4502.22,209806210
1693942200,4502.27,4507.76,4496.01,4496.84,625529340
1694007000,4488.73,4488.73,4464.47,4464.48,409000300
1694010600,4464.4,4469.05,4455.6,4461.88,259502140
1694014200,4461.86,4463.37,4452.11,4452.6,200668680
1694017800,4452.52,4455.18,4442.38,4452.81,199625170
1694021400,4452.8,4461.48,4452.29,4460.8,182036630
1694025000,4460.8,4465.15,4457,4461.82,217585070
1694028600,4461.83,4467.44,4460.95,4465.47,620776310
1694093400,4434.55,4446.59,4430.46,4435.28,465587830
1694097000,4435.26,4449.97,4430.82,4445.44,289903170
1694100600,4445.4,4454.88,4441.36,4453.69,233829150
1694104200,4453.72,4455.53,4446.23,4453.53,186937710
1694107800,4453.8,4456.16,4447.35,4447.4,199400800
1694111400,4447.39,4454.1,4444.39,4452.42,235552490
1694115000,4452.47,4457.81,4448.82,4451.15,752137310
1694179800,4451.3,4471.74,4450.89,4471.08,366981266
1694183400,4471.13,4473.53,4460.61,4468.46,247577370
1694187000,4468.47,4471.63,4461.99,4465.51,204785780
1694190600,4465.54,4466.33,4458.3,4460.29,174676070
1694194200,4460.35,4464.97,4453.51,4456.13,174459920
1694197800,4456.14,4457.47,4448.38,4449.43,204993790
1694201400,4449.48,4458.4,4448.53,4457.5,648649840
1694439000,4484.7,4490.77,4470.19,4480.39,446727450
1694442600,4480.59,4480.59,4467.89,4476.02,257515850
1694446200,4475.91,4480.6,4470.38,4480.09,210840260
1694449800,4480.11,4484.89,4476.74,4484.69,176718050
1694453400,4484.69,4487.76,4483.44,4487.1,184348370
1694457000,4487.09,4489.97,4484.63,4488.84,221061260
1694460600,4488.89,4489.15,4483.15,4487.47,635978640
1694525400,4473.27,4480.94,4467.5,4468.87,408413440
1694529000,4468.95,4472.13,4463.46,4470.16,263189450
1694532600,4470.14,4478,4470.14,4475.68,201056300
1694536200,4475.65,4487.11,4472.82,4485.15,186116480
1694539800,4485.13,4486.9,4468.7,4471.61,216242990
1694543400,4471.68,4472.55,4456.83,4458.82,246568810
1694547000,4459.17,4464.64,4458.98,4461.91,635957280
1694611800,4463.85,4473.8,4453.52,4464,415050130
1694615400,4464.04,4478.12,4463.76,4477.73,265052710
1694619000,4477.67,4478.67,4468.56,4476.27,216716430
1694622600,4476.39,4478.11,4470.71,4475.73,169928050
1694626200,4475.74,4479.39,4470.58,4473.74,192668260
1694629800,4473.84,4474.25,4456.28,4462.53,241641970
1694633400,4462.6,4470.29,4462.6,4467.43,722325720
1694698200,4490.64,4493.7,4478.69,4486.24,419374530
1694701800,4486.55,4500.88,4486.45,4496.25,271678480
1694705400,4496.31,4505.95,4491.54,4502.26,213612610
1694709000,4502.24,4508.5,4501.29,4505.26,168681020
1694712600,4505.32,4507.95,4501.23,4501.81,180438370
1694716200,4501.73,4511.99,4500.83,4504.71,219669840
1694719800,4504.65,4507.21,4502.61,4505.11,749500340
1694784600,4493.43,4493.71,4473.32,4478.03,733589330
1694788200,4476.84,4479.63,4460.43,4466.7,281176100
1694791800,4466.75,4469.9,4463.69,4466.66,214907340
1694795400,4466.68,4470.71,4450.59,4451.24,200530910
1694799000,4451.27,4458.51,4447.21,4450.16,203313780
1694802600,4450.11,4455.82,4449.26,4454.36,235835570
1694806200,4454.33,4456.89,4447.45,4450.33,2074140070
1695043800,4445.13,4454.31,4442.11,4450.93,384720160
1695047400,4450.93,4457.2,4447.41,4457.2,217267440
1695051000,4457.35,4464.63,4457.27,4463.35,164827190
1695054600,4463.4,4466.36,4458.76,4461.54,152770230
1695058200,4461.65,4464.67,4457.22,4457.85,142825520
1695061800,4457.87,4460.23,4449.21,4452.38,187335980
1695065400,4452.4,4454.13,4448.86,4453.52,621080880
1695130200,4443.88,4449.85,4428.42,4433.23,352503900
1695133800,4432.98,4432.98,4422.09,4425.71,233975960
1695137400,4425.71,4427.39,4419.84,4422.58,188381290
1695141000,4422.54,4429.85,4416.61,4427.96,169150120
1695144600,4428.02,4441.06,4428.02,4437.57,171500530
1695148200,4437.61,4449.25,4436.04,4441.77,211367260
1695151800,4441.78,4448.34,4439.81,4443.94,646139280
1695216600,4455.54,4461.03,4450.97,4454.59,324742480
1695220200,4454.61,4456.4,4449.41,4449.6,206881740
1695223800,4449.54,4454.89,4448.33,4454.87,167611970
1695227400,4454.9,4456.86,4452.5,4453.14,152203540
1695231000,4453.11,4453.84,4433.43,4442.79,202491620
1695234600,4442.8,4454.11,4419.47,4425.34,274988700
1695238200,4425.73,4425.95,4401.38,4402.21,624744260
1695303000,4372.69,4375.7,4356.17,4363.36,460408940
1695306600,4363.31,4370.83,4353.22,4354.46,269509400
1695310200,4354.49,4361.09,4350.86,4353.84,204987880
1695313800,4353.83,4364.24,4351.33,4362.72,192013700
1695317400,4362.72,4365.24,4349.67,4349.72,175707300
1695321000,4349.62,4353.59,4336.95,4337.96,250461200
1695324600,4337.85,4340.2,4329.17,4330.01,689403210
1695389400,4342.59,4347.43,4333.71,4344.36,382717310
1695393000,4344.34,4355.47,4344.29,4355.29,259354080
1695396600,4355.32,4357.4,4343.4,4348.98,186325040
1695400200,4349.05,4354,4336.35,4338.09,170786770
1695403800,4338.06,4338.06,4322.01,4326.67,205600950
1695407400,4326.66,4347.69,4322.27,4342.65,222337110
1695411000,4342.41,4344.01,4316.49,4320.05,659167290
1695648600,4309.4,4323.64,4302.7,4311.86,343805110
1695652200,4311.9,4330.81,4307.96,4326.16,228443930
1695655800,4326.34,4336.21,4325.19,4335.31,166589760
1695659400,4335.52,4335.64,4322.78,4325.69,152696100
1695663000,4325.74,4333.28,4322.96,4326.46,153690240
1695666600,4326.44,4332.75,4316.37,4326.7,194449030
1695670200,4326.3,4338.51,4324.8,4337.45,584962220
1695735000,4311.13,4313.01,4285.56,4294.35,350745900
1695738600,4294.54,4301.94,4283.52,4283.52,243125500
1695742200,4283.39,4293,4282,4291.97,198102840
1695745800,4291.96,4295.29,4285.83,4285.84,174099910
1695749400,4285.79,4287.24,4274.27,4274.66,205362530
1695753000,4274.71,4276.86,4265.98,4268.08,240731210
1695756600,4268.03,4275.67,4266.55,4273.54,683393190
1695821400,4285.52,4292.07,4274.05,4283.76,365938900
1695825000,4283.69,4284.29,4265.83,4274.79,267820470
1695828600,4274.98,4276.33,4253.31,4257.2,216380080
1695832200,4257.18,4263.94,4243.55,4243.74,208803140
1695835800,4243.74,4259.47,4238.63,4259.42,224817880
1695839400,4259.48,4290.94,4259.48,4281.11,294453090
1695843000,4280.97,4281.58,4264.7,4274.52,682664070
1695907800,4270.72,4287.53,4264.38,4278.67,396590820
1695911400,4278.83,4297.96,4268.93,4297.96,292316840
1695915000,4298.12,4317.18,4298.12,4316.52,258031200
1695918600,4316.56,4317.27,4298.53,4299.99,198092320
1695922200,4299.97,4305.66,4292.23,4303.82,189402320
1695925800,4303.89,4312.61,4290.32,4312.05,234687610
1695929400,4311.95,4312.67,4295.06,4299.69,644671190
1695994200,4331.16,4333.15,4315.63,4318.38,425744300
1695997800,4318.37,4328.23,4315.1,4315.11,278553960
1696001400,4315.25,4316.94,4302.08,4309.13,212882920
1696005000,4309.26,4311.04,4280.57,4289.89,200166550
1696008600,4289.88,4291.3,4275.61,4277.71,197382950
1696012200,4277.45,4299.21,4274.86,4291.05,228486580
1696015800,4291.1,4303.13,4282.18,4288.04,799356030
1696253400,4283.95,4295.75,4276.91,4281.59,381412203
1696257000,4282.75,4299.39,4274.68,4298.36,299457070
1696260600,4298.63,4300.58,4265.06,4270.49,241796190
1696264200,4270.42,4272.5,4260.21,4271.12,202249650
1696267800,4271.27,4282.34,4263.97,4264.2,209726490
1696271400,4264.18,4275.89,4260.52,4272.88,250069470
1696275000,4272.93,4288.55,4271.38,4288.4,711638440
1696339800,4269.75,4281.15,4239.22,4240.05,458202060
1696343400,4238.23,4245.4,4227.4,4230.17,312948470
1696347000,4229.81,4238.89,4222.51,4238.66,241512610
1696350600,4238.67,4242.28,4231.13,4232.81,200693140
1696354200,4232.79,4233.18,4216.45,4219.37,216337720
1696357800,4219.37,4229.75,4218.92,4220.64,267351030
1696361400,4220.63,4230.25,4217.38,4229.46,701842080
1696426200,4234.38,4248.19,4220.48,4220.48,418790570
1696429800,4221.32,4243.73,4220.84,4242.82,291434350
1696433400,4242.88,4255.95,4236.92,4254.23,225696610
1696437000,4254.29,4257.62,4240.49,4240.61,199345640
1696440600,4240.69,4242.96,4231.86,4239.29,209239020
1696444200,4239.21,4261.6,4236.07,4258.47,247771890
1696447800,4259.47,4268.5,4256.99,4263.76,703030860
1696512600,4259.31,4266.55,4241.39,4248.44,396536790
1696516200,4248.45,4248.79,4225.91,4233.92,272273840
1696519800,4233.93,4245.96,4229.79,4245.74,220169930
1696523400,4245.72,4248.3,4232.94,4242.78,177491420
1696527000,4242.74,4259.4,4238.82,4256.41,222760240
1696530600,4256.47,4267.13,4256.22,4262.41,240292680
1696534200,4262.51,4263.43,4256.13,4258.18,677677990
1696599000,4236.74,4243.22,4219.55,4242.75,451022080
1696602600,4242.79,4274.39,4242.79,4270.38,329708430
1696606200,4271.37,4305.57,4271.26,4295.2,285802930
1696609800,4295.62,4309.24,4290.35,4307.2,207585280
1696613400,4307.28,4317.49,4304.17,4317.43,216186890
1696617000,4317.61,4324.1,4314.68,4321.04,263685890
1696620600,4321.02,4322.31,4307.79,4308.49,688249540
1696858200,4289.02,4304.47,4287.47,4296.6,374616095
1696861800,4296.64,4300.5,4283.79,4300.21,234439280
1696865400,4300.2,4313.02,4296.15,4305.4,181921030
1696869000,4305.34,4312.65,4299.43,4312.44,156115720
1696872600,4312.49,4338.39,4312.49,4337.6,218367550
1696876200,4337.63,4341.73,4330.88,4335.95,216454260
1696879800,4335.96,4336.08,4329.14,4335.65,551470220
1696944600,4339.75,4365.73,4339.64,4364.4,364329477
1696948200,4364.21,4379.65,4362.81,4377.21,274058880
1696951800,4377.19,4385.46,4376.38,4383.98,213455980
1696955400,4384.08,4384.83,4360.46,4367.11,208829890
1696959000,4367.16,4370.03,4358.53,4361.03,190436210
1696962600,4361.02,4370.14,4356.7,4360.85,223220140
1696966200,4360.85,4363.35,4356.66,4358.23,594570000
1697031000,4368.02,4377.44,4360.2,4363.35,406568670
1697034600,4363.28,4371.32,4356.58,4357.73,273313120
1697038200,4357.73,4363.34,4350.28,4352.19,210433630
1697041800,4352.19,4356.57,4347.31,4350.28,175016440
1697045400,4350.29,4365.71,4345.34,4359.18,192198230
1697049000,4359.31,4368.44,4359.08,4367.75,218205100
1697052600,4367.64,4378.64,4366.54,4376.94,608310110
1697117400,4380.94,4382.67,4362.95,4372.2,452190760
1697121000,4372.31,4381.31,4365.35,4374.93,282103990
1697124600,4374.89,4385.85,4371.52,4384.92,216829040
1697128200,4384.91,4385.37,4346.95,4347.24,235307510
1697131800,4346.57,4349.44,4325.43,4338.64,260002470
1697135400,4338.62,4351.29,4336.7,4346.4,250680130
1697139000,4346.66,4355.28,4346.65,4349.6,621415040
1697203800,4360.49,4377.1,4354.92,4357.43,386830808
1697207400,4357.34,4363.18,4329.23,4334.01,289486890
1697211000,4334,4342.25,4323.82,4341.62,226697760
1697214600,4341.61,4345.74,4314.42,4314.91,210019960
1697218200,4314.91,4331.48,4311.97,4327.13,215628430
1697221800,4327.08,4336.48,4320.91,4323.66,247156330
1697225400,4323.72,4329.21,4316.59,4327.79,674211460
1697463000,4346.86,4371.63,4346.26,4371.45,365781871
1697466600,4371.47,4383.33,4371.47,4377.91,259819740
1697470200,4378.02,4379.18,4367.99,4373.35,206863690
1697473800,4373.35,4381.18,4356.83,4368.96,192704620
1697477400,4368.99,4379.33,4367.73,4372.19,190154450
1697481000,4372.19,4381.42,4369.36,4381.38,200277710
1697484600,4381.37,4382.01,4371.7,4373.62,646156610
1697549400,4341.14,4365.09,4337.54,4359.69,444460620
1697553000,4359.7,4374.86,4358.08,4372.1,280013810
1697556600,4372.11,4393.01,4372.11,4393.01,244169960
1697560200,4393.01,4393.57,4375.26,4376.39,198222030
1697563800,4376.26,4376.26,4359.13,4364.38,200508020
1697567400,4364.39,4369.42,4355.6,4367.39,255497940
1697571000,4367.7,4373.31,4361.57,4373.21,684122510
1697635800,4355.68,4364.2,4345.51,4349.09,452069960
1697639400,4348.48,4349.81,4335.11,4341.31,295675290
1697643000,4341.28,4346.93,4331.44,4332.95,226828740
1697646600,4332.94,4349.66,4324,4342.45,217179470
1697650200,4342.7,4344.65,4326.37,4333.38,209305850
1697653800,4333.34,4337.74,4315.45,4316.77,259720210
1697657400,4317.36,4320.08,4303.84,4314.59,684593540
1697722200,4321.36,4326.04,4304.94,4304.94,512977520
1697725800,4302.58,4308.11,4296.8,4306.96,306645040
1697729400,4307.04,4339.54,4304.18,4313.09,281187070
1697733000,4313.03,4335.38,4290.04,4323.63,269030360
1697736600,4325.38,4328.93,4300.37,4302.11,220029720
1697740200,4302.24,4302.24,4275.61,4277.76,298889070
1697743800,4279.14,4285.6,4269.69,4277.99,713913510
1697808600,4272.06,4276.56,4244.34,4245.1,564167420
1697812200,4244.65,4249.72,4232.48,4234.87,348589890
1697815800,4234.83,4248.75,4230.99,4241.88,265107390
1697819400,4241.98,4258.66,4241.98,4253.02,225558150
1697823000,4253.55,4257.58,4236.89,4238.09,210966630
1697826600,4238.12,4244.33,4229.66,4235.34,246196400
1697830200,4235.2,4237.11,4223.03,4224.15,820593110
1698067800,4207.2,4227.64,4189.22,4220.8,466119040
1698071400,4220.94,4238.37,4212.5,4236.19,272831300
1698075000,4235.85,4241.65,4231.09,4240.23,199718460
1698078600,4239.93,4255.84,4237.93,4241.37,208982540
1698082200,4241.09,4249.99,4232.6,4235.84,224022750
1698085800,4235.85,4242.86,4221.72,4222.24,298457760
1698089400,4222.32,4224.83,4214.34,4217.03,662702090
1698154200,4238.29,4255.24,4236.54,4255.24,478414540
1698157800,4255.39,4259.38,4240.69,4241.33,311318250
1698161400,4241.39,4246.34,4225.84,4227.28,246746410
1698165000,4227.23,4232.94,4219.43,4232.88,214881050
1698168600,4233,4241.07,4230.18,4241.02,209759290
1698172200,4241.25,4252.8,4241.25,4252.04,263526140
1698175800,4252.05,4253.09,4247.41,4247.69,696806000
1698240600,4232.42,4232.42,4201.24,4204.75,468634870
1698244200,4204.81,4225.38,4203.46,4220.91,336226440
1698247800,4220.88,4221.82,4200.07,4203.6,264732580
1698251400,4203.65,4208.54,4189.56,4191.13,243337270
1698255000,4191.05,4193.93,4181.42,4188.84,257371910
1698258600,4188.82,4192.58,4182.85,4190.73,289281310
1698262200,4190.88,4195.59,4185.88,4186.78,761446780
1698327000,4175.99,4183.6,4155.61,4165.31,609780030
1698330600,4165.34,4179.64,4153.18,4155.02,394906540
1698334200,4154.91,4159.97,4134.2,4140.83,283861560
1698337800,4140.86,4142.37,4130.94,4133.22,267931270
1698341400,4133.18,4153.51,4127.9,4152.71,238111350
1698345000,4153.14,4170.34,4150.63,4153.42,300561330
1698348600,4153.28,4153.76,4134.24,4137.22,813830460
1698413400,4153.77,4155.84,4135.72,4141.68,574314850
1698417000,4141.55,4156.7,4130.4,4150.8,352454010
1698420600,4150.8,4151.33,4132.15,4136.45,252537560
1698424200,4136.45,4140.4,4114.79,4118.66,237818620
1698427800,4118.69,4121.83,4107.55,4108.94,264404390
1698431400,4109.12,4122.71,4104.17,4115.69,324531000
1698435000,4115.53,4118.38,4103.78,4117.36,752932570
1698672600,4146.23,4163.5,4137.22,4140.28,496268220
1698676200,4140.13,4151.27,4132.94,4140.07,317532700
1698679800,4140.16,4152.77,4140.16,4144.31,244671710
1698683400,4144.37,4162.23,4137.18,4161.09,240669120
1698687000,4161.15,4167.75,4157.15,4163.49,250889310
1698690600,4163.52,4177.47,4163.52,4172.95,301587390
1698694200,4172.97,4174.44,4165.84,4166.83,716515320
1698759000,4171.33,4172.87,4153.12,4168.02,437947600
1698762600,4167.95,4176.03,4158.93,4167.53,305111080
1698766200,4167.63,4175.31,4163.44,4169.73,235801120
1698769800,4169.64,4181.74,4164.2,4180.02,210743840
1698773400,4180.01,4190.9,4180.01,4181.72,227341720
1698777000,4181.57,4195.46,4181.48,4193.03,264148930
1698780600,4193.02,4195.55,4186.43,4193.81,938381630
1698845400,4201.6,4225.22,4197.74,4222.75,492931340
1698849000,4222.73,4229.33,4213.12,4214.25,323118610
1698852600,4214.32,4219.44,4209.26,4211.01,237643320
1698856200,4211.02,4214.36,4204.12,4208.49,219997500
1698859800,4208.52,4219.15,4204.21,4215.07,231900650
1698863400,4214.96,4244.11,4202.01,4239.24,412503830
1698867000,4239.24,4245.64,4235.8,4237.87,823061050
1698931800,4268.26,4294.51,4268.26,4292.98,579192370
1698935400,4293.05,4304.35,4292.7,4298.16,355126450
1698939000,4298.13,4303.59,4295.74,4298.17,258768500
1698942600,4298.15,4308.65,4297.32,4307.09,226963700
1698946200,4307.12,4314.69,4307.12,4312.43,229619480
1698949800,4312.47,4316.17,4311.01,4313.6,285690660
1698953400,4313.68,4319.72,4313.41,4317.79,771117540
1699018200,4340.4,4364.47,4339.36,4348.87,578496310
1699021800,4349.08,4353.88,4343.58,4350.43,341329360
1699025400,4350.44,4367.68,4350.44,4366.42,262917110
1699029000,4366.36,4369.54,4359.36,4361.38,230716200
1699032600,4361.39,4369.03,4360.36,4368.04,224413100
1699036200,4368.02,4373.62,4364.35,4365.39,275520460
1699039800,4365.2,4365.89,4357.63,4358.35,726898400
1699281000,4364.27,4372.21,4358.4,4363.47,422323810
1699284600,4363.54,4369.22,4362.05,4365.19,246757970
1699288200,4365.27,4366.62,4359.78,4361.17,202914820
1699291800,4361.15,4361.84,4347.53,4352.52,187456670
1699295400,4352.53,4355.57,4347.76,4353.14,188988980
1699299000,4353.21,4362.86,4352.58,4360.86,229929950
1699302600,4360.86,4367.06,4357.69,4365.99,642827670
1699367400,4367.07,4375.18,4355.41,4375.18,392120500
1699371000,4375.22,4385.15,4374.22,4381.19,267835870
1699374600,4381.28,4385.41,4371.64,4373.55,195226170
1699378200,4373.56,4382.84,4369.6,4380.98,193106730
1699381800,4381.04,4384.94,4380.87,4383.58,194061670
1699385400,4383.62,4384.83,4377.1,4382.62,237478730
1699389000,4382.57,4386.26,4373.02,4378.37,703357270
1699453800,4385.43,4391.2,4377.83,4379.66,428546690
1699457400,4379.67,4381.84,4372.93,4375.64,265064090
1699461000,4375.59,4378.76,4359.76,4365.44,228255180
1699464600,4365.33,4375.44,4363.02,4374.43,197889150
1699468200,4374.42,4381.5,4374.26,4380.77,181755680
1699471800,4380.74,4382.13,4375.09,4379.74,242881620
1699475400,4379.82,4387.89,4377.54,4382.79,703983740
1699540200,4391.41,4393.4,4373.47,4374.2,398172120
1699543800,4374.34,4388.25,4370.56,4383.86,254498590
1699547400,4383.92,4390.26,4380.99,4381.48,215791320
1699551000,4381.44,4386.51,4361.43,4373.69,232506570
1699554600,4373.7,4375.18,4349.23,4357.29,240158830
1699558200,4357.34,4359.52,4344.35,4347.09,260658370
1699561800,4347.08,4349.52,4343.94,4347.36,699407210
1699626600,4366.12,4370.16,4355.26,4357.04,400441630
1699630200,4356.92,4377.49,4353.34,4374.98,252392800
1699633800,4375.09,4383.85,4370.73,4382.53,200050390
1699637400,4382.61,4400.76,4382.61,4398.69,211231900
1699641000,4398.72,4407.83,4398.72,4407,194062880
1699644600,4407.04,4412.91,4404.4,4412.64,221477040
1699648200,4412.71,4418.03,4411.35,4415.23,693377530
1699885800,4406.66,4406.66,4393.82,4400.96,380095410
1699889400,4401.06,4413.83,4399.61,4413.83,247128060
1699893000,4413.75,4421.76,4412.49,4416.6,210176300
1699896600,4416.63,4416.88,4410.25,4410.87,159880980
1699900200,4410.63,4418.96,4408.49,4418.05,167589840
1699903800,4418.04,4419.69,4411.94,4416.37,189070150
1699907400,4416.42,4416.5,4410.08,4411.54,575275430
1699972200,4467.83,4496.7,4467.83,4496.37,575294380
1699975800,4496.86,4505.51,4495.81,4502.82,319230390
1699979400,4502.87,4503.73,4487.55,4489.37,257102040
1699983000,4489.45,4497.26,4489.29,4496.57,196013050
1699986600,4496.58,4499.16,4485.55,4493.66,221479010
1699990200,4493.63,4508.67,4493.63,4506.77,273969200
1699993800,4506.76,4507.51,4491.47,4495.71,761282470
1700058600,4508.45,4519.56,4501.61,4514.65,499528030
1700062200,4514.66,4521.17,4512.51,4515.6,325054880
1700065800,4515.64,4515.76,4502.93,4508.92,249433220
1700069400,4508.96,4510.7,4495.31,4504.62,222817830
1700073000,4504.69,4511.95,4503.45,4511.49,210426560
1700076600,4511.52,4513.87,4505,4508.12,234649860
1700080200,4508.32,4510.83,4499.66,4502.89,744569240
1700145000,4497.08,4511.99,4495.7,4505.74,496157480
1700148600,4505.78,4508.89,4489.32,4489.58,315824160
1700152200,4489.54,4500.01,4487.83,4499.2,238991180
1700155800,4499.15,4504.94,4495.35,4500.53,216090760
1700159400,4500.56,4501.26,4492.44,4495.71,214941860
1700163000,4495.72,4504.39,4495.44,4502.26,250631180
1700166600,4502.24,4509.11,4501.09,4508.23,708569820
1700231400,4509.55,4513.26,4501.26,4508.93,454527800
1700235000,4509.1,4509.22,4499.66,4504.23,244306910
1700238600,4504.31,4512.89,4502.02,4507.55,192429970
1700242200,4507.65,4514.91,4507.54,4513.45,169174950
1700245800,4513.48,4520.12,4513.48,4515.58,191968300
1700249400,4515.57,4519.76,4512.62,4517.29,219492380
1700253000,4517.09,4517.57,4508.23,4514.03,740454390
1700490600,4510.37,4529.15,4510.37,4525.57,358301023
1700494200,4525.58,4534.2,4523.7,4532.16,251878380
1700497800,4532.35,4536.63,4532.01,4534.69,192980250
1700501400,4534.74,4543.97,4531.19,4543.16,186401020
1700505000,4543.2,4546.99,4543.18,4545.98,181638620
1700508600,4545.92,4557.11,4545.92,4556.27,219638600
1700512200,4556.3,4556.34,4545.24,4547.39,664575300
1700577000,4538.77,4538.77,4526.35,4526.95,387033673
1700580600,4527.02,4533.52,4525.51,4531.02,257387380
1700584200,4531.11,4537.87,4528.63,4537.66,192374220
1700587800,4537.67,4541.9,4532.89,4534.59,162899010
1700591400,4534.59,4541.76,4534.21,4538.59,174923250
1700595000,4538.62,4542.14,4534.63,4539.11,201217420
1700598600,4539.01,4540.53,4535.24,4538.18,563126120
1700663400,4553.04,4568.43,4545.05,4555.25,389329720
1700667000,4555.28,4561.04,4549.05,4555.52,234044100
1700670600,4555.66,4564.47,4554.98,4560.11,178261220
1700674200,4560,4561.43,4552.51,4561.32,155264540
1700677800,4561.35,4561.98,4558.24,4560.83,155970310
1700681400,4560.74,4560.76,4545.78,4558.51,195179750
1700685000,4558.5,4559.53,4556.13,4556.63,517730930
1700836200,4556.12,4560.31,4552.8,4555.73,265597513
1700839800,4555.76,4558.5,4553.6,4556.53,186849637
1700843400,4556.64,4557.37,4554.7,4554.7,154134390
1700847000,4554.73,4559.37,4554.52,4559.33,266395390
1701095400,4553.59,4558.49,4546.32,4551.97,354840670
1701099000,4552.03,4556.24,4548.07,4554.04,212414700
1701102600,4554.07,4559.15,4551.62,4555.33,186077980
1701106200,4555.37,4560.52,4554.78,4557.93,164532290
1701109800,4557.89,4559.33,4554.51,4555.31,164363910
1701113400,4555.34,4555.67,4547.31,4554.9,200092310
1701117000,4555,4558.46,4549.24,4550.44,669688930
1701181800,4545.5,4548.11,4540.51,4546.07,361020170
1701185400,4546.02,4561.91,4544.87,4561.04,256675120
1701189000,4561.37,4568.14,4559.44,4559.69,205411240
1701192600,4559.69,4559.69,4543.91,4551.27,181191820
1701196200,4551.3,4553.18,4547.29,4547.93,177958600
1701199800,4547.98,4554.81,4545.42,4549.67,212170810
1701203400,4549.68,4556.43,4548.17,4554.9,660467620
1701268200,4574.53,4587.64,4566.02,4569.35,456792339
1701271800,4569.34,4573.75,4556.05,4556.33,296636540
1701275400,4556.32,4566.81,4554.5,4566.75,231071080
1701279000,4566.81,4569.06,4563.44,4567.75,192386490
1701282600,4567.75,4568.06,4561.9,4563.79,200392810
1701286200,4563.8,4563.8,4548.6,4549.22,262951920
1701289800,4549.25,4551.3,4547.15,4550.57,680021660
1701354600,4557.16,4559.99,4544.99,4551.36,436829910
1701358200,4551.42,4556.56,4543.75,4547.35,319038630
1701361800,4547.34,4548.13,4538.55,4539.03,226469130
1701365400,4539.06,4546.33,4538.42,4539.56,184165050
1701369000,4539.55,4548.55,4537.24,4546.59,204812810
1701372600,4546.64,4554.58,4541.82,4544.74,252155660
1701376200,4544.65,4569.89,4543.96,4567.81,1724489410
1701441000,4560.65,4574.21,4554.71,4559.75,431517210
1701444600,4559.75,4578.19,4556.81,4577.68,311055040
1701448200,4577.57,4592.71,4572.15,4592.39,284925750
1701451800,4592.44,4599.39,4588.61,4588.61,240881020
1701455400,4588.55,4591.38,4585.19,4590.28,228248890
1701459000,4590.32,4594.23,4587.51,4593.34,256669000
1701462600,4593.43,4596.2,4589.28,4594.64,711409490
1701700200,4564.37,4571.84,4549.59,4551.37,494793500
1701703800,4551.04,4554.36,4546.72,4553.57,307065760
1701707400,4553.62,4567.37,4552.19,4565.6,229508210
1701711000,4565.64,4570.3,4561.8,4561.8,188109150
1701714600,4561.87,4565.54,4557.89,4561.19,195775630
1701718200,4561.23,4564.76,4559.91,4563.18,252225330
1701721800,4563.15,4572.37,4561.31,4569.77,693542360
1701786600,4555.64,4572.76,4551.68,4566.32,451848610
1701790200,4566.36,4578.56,4559.07,4565.6,290502660
1701793800,4565.65,4569.53,4556.98,4565.68,230876530
1701797400,4565.67,4568.4,4555.62,4565.92,208220100
1701801000,4565.93,4569.68,4562.16,4567.42,203431660
1701804600,4567.52,4570.6,4563.02,4568.14,223803500
1701808200,4568.13,4569.01,4564.04,4567.17,669082850
1701873000,4586.23,4590.74,4570.78,4573.9,472392030
1701876600,4574.18,4578.43,4569.79,4571.45,290989290
1701880200,4571.41,4571.5,4563.1,4565.67,241562490
1701883800,4565.56,4570.06,4559.05,4566.79,211466390
1701887400,4566.83,4568.61,4561.73,4561.88,203759230
1701891000,4561.88,4566.41,4551.49,4552.78,238482770
1701894600,4552.71,4554.74,4546.5,4549.35,665156150
1701959400,4568.84,4582.43,4565.22,4582.18,451915950
1701963000,4582.16,4583.65,4567.47,4573.27,293254850
1701966600,4573.28,4586.42,4572.84,4584.79,247260190
1701970200,4584.87,4587.48,4581.95,4583.24,206646310
1701973800,4583.28,4590.92,4582.08,4589.24,222039690
1701977400,4589.28,4589.49,4581.96,4585.13,252590160
1701981000,4585.14,4586.85,4581.92,4585.58,696207020
1702045800,4575.88,4606.31,4574.06,4601.34,435221090
1702049400,4601.42,4603.19,4584.87,4588.91,281814310
1702053000,4589,4591.21,4577.97,4590.14,215877330
1702056600,4590.1,4597.73,4588.07,4596.36,180088440
1702060200,4596.43,4601.77,4592.76,4601.38,183769730
1702063800,4601.38,4606.63,4600.59,4605.87,225643420
1702067400,4605.82,4609.23,4603.48,4604.36,675417270
1702305000,4597.45,4607.89,4595.99,4603.9,438324064
1702308600,4603.9,4613.7,4602.77,4606.79,294273580
1702312200,4606.96,4610.03,4601.44,4608.95,227934900
1702315800,4608.92,4618.11,4608.14,4616.99,187910890
1702319400,4616.99,4620.73,4616.57,4619.7,193816990
1702323000,4619.71,4620.5,4615.8,4617.11,240309820
1702326600,4617.15,4623.71,4616.51,4622.43,751122640
1702391400,4617.7,4625.29,4608.09,4622.65,400656641
1702395000,4622.63,4630.48,4621.5,4627.17,283975380
1702398600,4627.16,4630.79,4624.66,4630.18,220317810
1702402200,4630.23,4632.94,4627.27,4630.78,192579880
1702405800,4630.83,4634.72,4630.18,4634.35,195335170
1702409400,4634.38,4643.22,4634.38,4642.9,246380010
1702413000,4642.91,4643.93,4638.82,4643.69,704046400
1702477800,4646.4,4651.02,4644.36,4650.37,413385118
1702481400,4650.28,4655.38,4649.26,4650.71,286840560
1702485000,4650.78,4652.26,4646.32,4647.36,215496220
1702488600,4647.39,4647.96,4643.26,4643.56,177671780
1702492200,4643.56,4680.12,4643.23,4676.71,298350840
1702495800,4676.64,4709.69,4672.93,4690.59,502969530
1702499400,4690.71,4707.19,4687.16,4707.08,911947740
1702564200,4724.85,4738.57,4719.27,4723.33,723061591
1702567800,4723.67,4728.67,4716.24,4720.55,463409540
1702571400,4720.48,4733.85,4717.16,4733.71,369482250
1702575000,4733.78,4734.88,4709.4,4709.4,375921890
1702578600,4709.52,4713.6,4694.34,4712.84,349700620
1702582200,4712.98,4718.44,4710.78,4715.58,376150200
1702585800,4715.78,4719.73,4712.45,4719.54,1055587200
1702650600,4708,4722.01,4707.31,4721.22,590892460
1702654200,4721.07,4725.26,4717.47,4723.4,326717530
1702657800,4723.39,4724.91,4718.19,4722.87,258901790
1702661400,4722.92,4723.14,4712.71,4717.81,237893530
1702665000,4717.81,4719.1,4704.69,4705.29,254089540
1702668600,4705.1,4715.35,4705.1,4713.94,275486790
1702672200,4713.98,4725.53,4709.67,4719.18,2502880150
1702909800,4730.03,4739.28,4728.51,4738.61,467949440
1702913400,4738.7,4740.85,4731.18,4740.68,283199850
1702917000,4740.55,4746.63,4739.5,4745.32,225600600
1702920600,4745.33,4746.17,4741.8,4745.46,194801880
1702924200,4745.5,4749.52,4743.13,4744.76,212075980
1702927800,4744.8,4748.37,4742.72,4747.77,236481230
1702931400,4747.7,4747.78,4740.28,4740.57,754126930
1702996200,4744.1,4759.86,4744.1,4758.29,432600240
1702999800,4758.27,4764.02,4755.88,4762.23,264091320
1703003400,4762.22,4764.19,4756.32,4758.26,203943970
1703007000,4758.23,4761.94,4756.35,4759.48,181992830
1703010600,4759.52,4763.16,4757.79,4762.81,187770120
1703014200,4762.88,4763.76,4758.22,4761.71,219003430
1703017800,4761.77,4768.69,4760.42,4768.36,817980710
1703082600,4764.73,4771.57,4756.84,4770.73,411900840
1703086200,4770.74,4774.74,4769.96,4772.42,250936340
1703089800,4772.43,4774.57,4769.98,4773.63,195187740
1703093400,4773.72,4778.01,4770.02,4774.76,169438280
1703097000,4774.77,4776.54,4764.76,4764.91,180585470
1703100600,4764.94,4765.02,4710.41,4712.47,393421540
1703104200,4712.27,4720.32,4697.82,4698.34,822500340
1703169000,4731.01,4743.06,4724.94,4730.78,428071470
1703172600,4731.68,4736.98,4726.11,4734.24,246272100
1703176200,4734.24,4735.48,4713.87,4714.78,222910790
1703179800,4714.84,4721.05,4708.35,4719.91,188469160
1703183400,4719.86,4726.98,4717.4,4725.31,173000250
1703187000,4725.35,4737.87,4721.67,4737.57,209611560
1703190600,4738.02,4748.71,4735.93,4746.76,651349430
1703255400,4757.41,4772.94,4756.2,4770.29,344544760
1703259000,4770.42,4771.96,4755.91,4763.19,221982280
1703262600,4763.21,4766.19,4756.27,4760.54,159176640
1703266200,4760.48,4766.71,4758.9,4765.55,131305100
1703269800,4765.43,4766.19,4739.76,4740.24,168522440
1703273400,4740.22,4759.15,4736.77,4758.3,187856660
1703277000,4758.29,4758.55,4749.82,4754.64,490523940
1703601000,4759.23,4770.56,4758.45,4768.1,251519954
1703604600,4768.19,4771.3,4765.15,4766.8,167299426
1703608200,4766.79,4771.55,4766.79,4770.39,134127040
1703611800,4770.43,4773.79,4768.43,4772.47,120606670
1703615400,4772.5,4775.07,4771.15,4774.56,123166480
1703619000,4774.57,4784.72,4774.23,4781.39,161129240
1703622600,4781.46,4783.52,4772.49,4774.74,441769290
1703687400,4774.21,4780.74,4771.16,4776.53,286521790
1703691000,4776.49,4776.58,4769.97,4773.59,182360840
1703694600,4773.59,4778.97,4773.27,4777.31,137363020
1703698200,4777.34,4785.39,4772.07,4781.01,147384090
1703701800,4781.14,4783.62,4768.9,4776.86,158891110
1703705400,4776.86,4777.9,4770.91,4775.21,157074660
1703709000,4775.25,4782.44,4771.24,4781.59,508768090
1703773800,4786.44,4791.8,4785.68,4790.81,267586273
1703777400,4790.82,4793.3,4784.49,4786.92,184502887
1703781000,4786.96,4790.16,4785.9,4787.48,137050340
1703784600,4787.47,4792.32,4783.03,4788.6,136001820
1703788200,4788.61,4793.19,4787.58,4791.89,120845450
1703791800,4791.84,4793.12,4785.23,4787.43,156427840
1703795400,4787.36,4791.78,4780.98,4783.36,453666540
1703860200,4783.38,4788.43,4782.79,4784.99,244285439
1703863800,4785.06,4785.47,4757.67,4757.9,221224091
1703867400,4757.83,4763.35,4751.99,4753.99,154297750
1703871000,4754.02,4769.12,4753.66,4763.36,135492710
1703874600,4763.4,4772.56,4763.37,4768.7,129979690
1703878200,4768.72,4776.91,4768.72,4775.82,156349970
1703881800,4775.86,4775.89,4763.81,4769.82,615496160
1704205800,4745.2,4745.2,4730.95,4736.25,460192930
1704209400,4736.11,4742.45,4731.16,4741.11,292380240
1704213000,4740.88,4751.22,4740.88,4747.54,217999400
1704216600,4747.57,4754.33,4740.93,4744.81,185891580
1704220200,4744.82,4747.23,4733.68,4737.01,194987940
1704223800,4736.98,4738.33,4722.67,4726.78,240464340
1704227400,4726.76,4744.15,4724.68,4742.82,750335230
1704292200,4718.89,4726.59,4709.56,4713.2,481921430
1704295800,4712.88,4716.83,4704.72,4714.77,288877600
1704299400,4714.8,4715.36,4707.43,4713.13,209994010
1704303000,4713.27,4725.01,4712.27,4721.21,186820390
1704306600,4721.21,4728.84,4708.02,4727.4,202876780
1704310200,4728.31,4729.29,4707.94,4710.46,237776180
1704313800,4710.55,4715.48,4699.71,4704.82,762402670
1704378600,4696.3,4718.59,4696.15,4715.08,441709860
1704382200,4715,4726.78,4713.74,4723.65,280999810
1704385800,4723.79,4725.39,4710.37,4712.94,215608610
1704389400,4713.05,4713.13,4703.99,4710.26,167317960
1704393000,4710.29,4711.7,4702.71,4702.84,169019880
1704396600,4702.88,4707.22,4698.07,4699.8,213660310
1704400200,4699.77,4703.76,4687.53,4688.69,792025090
1704465000,4690.83,4721.49,4688.69,4712.63,404001640
1704468600,4712.63,4721.47,4708.5,4708.93,263299710
1704472200,4708.93,4710.87,4690.11,4690.69,194092890
1704475800,4690.8,4695.72,4684.22,4695.36,166704120
1704479400,4695.42,4706.41,4695.42,4699.26,182035140
1704483000,4699.17,4701.82,4682.82,4686.7,215022810
1704486600,4686.64,4699.85,4682.11,4697.23,730458480
1704724200,4702.67,4717.28,4699.82,4717.24,430059630
1704727800,4717.23,4724.86,4717.23,4721.16,263865710
1704731400,4721.25,4729.53,4721.25,4724.65,208438630
1704735000,4724.67,4734.2,4724.28,4731.16,170501770
1704738600,4731.18,4746.85,4731.05,4746.58,189825250
1704742200,4746.61,4756.84,4746.61,4753.77,237639790
1704745800,4753.93,4764.54,4753.29,4763.55,754454510
1704810600,4738.37,4746.17,4730.35,4742.04,427368010
1704814200,4741.97,4749.99,4739.15,4749.79,252835860
1704817800,4749.76,4760.34,4747.57,4758.85,214505170
1704821400,4758.85,4765.47,4754.86,4755.27,183501560
1704825000,4755.22,4762.74,4748.65,4752.91,199398460
1704828600,4752.93,4758.68,4749.01,4754.3,231467970
1704832200,4754.28,4758.38,4746.94,4756.51,674032890
1704897000,4759.94,4770.89,4756.2,4764.06,410555660
1704900600,4764.07,4769.49,4761.57,4764.74,249652440
1704904200,4764.82,4768.36,4762.09,4767.97,188074520
1704907800,4767.98,4775.55,4765.89,4769.66,186329020
1704911400,4769.71,4784.73,4769.45,4782.53,206523200
1704915000,4782.6,4790.8,4776.38,4779.23,248206450
1704918600,4779.27,4785.01,4769.57,4783.46,644648760
1704983400,4794.33,4798.5,4753.06,4766.57,458174460
1704987000,4766.6,4772.13,4742.24,4747.65,284321450
1704990600,4747.49,4752.68,4739.58,4746.34,224034750
1704994200,4746.37,4766.7,4746.37,4764.53,195601150
1704997800,4764.54,4778.2,4762.97,4777.56,183893250
1705001400,4777.6,4786.03,4771.66,4775.7,245821150
1705005000,4775.84,4783.31,4772.46,4780.23,689596230
1705069800,4792.27,4802.4,4776.07,4780.85,467272260
1705073400,4781.49,4785.34,4768.98,4782.16,293340820
1705077000,4782.24,4784.31,4770.26,4775.48,222679310
1705080600,4775.49,4783.55,4772.95,4782.29,177023220
1705084200,4782.28,4789.51,4781.21,4785.65,173522270
1705087800,4785.64,4785.67,4774.15,4778.23,219759200
1705091400,4778.2,4785.35,4777.08,4783.84,646220050
1705415400,4768.58,4778.71,4751.88,4776.81,455594818
1705419000,4776.77,4782.34,4763.46,4775.48,346494470
1705422600,4775.56,4780.36,4759.96,4760.62,230626930
1705426200,4760.62,4767.56,4755.15,4766.05,210969360
1705429800,4766.08,4767.7,4747.12,4752.19,215196680
1705433400,4752.23,4761.29,4750.39,4756.79,242432250
1705437000,4756.83,4766.42,4754.49,4765.99,779798260
1705501800,4734.15,4738.01,4726.12,4734.4,467958590
1705505400,4733.96,4744.04,4731.26,4741.33,289062650
1705509000,4741.28,4744.23,4730.04,4731.14,217877320
1705512600,4731.15,4735.92,4720.96,4722.98,188221120
1705516200,4722.92,4729.7,4714.82,4728.38,213152420
1705519800,4728.47,4733.53,4723.19,4724.73,250168520
1705523400,4724.81,4741.91,4724.52,4739.22,644211570
1705588200,4760.1,4760.59,4749.91,4757.64,486412820
1705591800,4757.72,4764.43,4752.73,4763.08,313408710
1705595400,4763.06,4766.1,4746.4,4751.62,264945110
1705599000,4751.64,4752.33,4740.57,4743.24,215835000
1705602600,4743.23,4772.35,4742.94,4772.32,232767980
1705606200,4772.16,4779.72,4765.65,4779.72,281119020
1705609800,4779.76,4785.79,4775.13,4780.95,715658810
1705674600,4799.33,4799.33,4785.87,4795.78,539107190
1705678200,4795.37,4807.22,4789.59,4804.44,298657290
1705681800,4804.51,4810.04,4797.74,4809.12,246318440
1705685400,4809.15,4825.63,4809.15,4825.21,231599110
1705689000,4825.33,4842.07,4825.33,4835.37,251292990
1705692600,4835.74,4840.97,4829.18,4836.97,291628520
1705696200,4837.09,4840.12,4834.6,4839.82,847995960
1705933800,4853.42,4868.41,4853.42,4860.1,545347030
1705937400,4858.62,4859.26,4847.19,4856.17,344503360
1705941000,4856.37,4857.63,4848.78,4854.9,238158900
1705944600,4854.93,4856.06,4844.05,4844.79,207136180
1705948200,4844.69,4855.59,4844.55,4851.56,203413970
1705951800,4851.55,4857.43,4848.61,4856.8,249929780
1705955400,4856.83,4857.39,4849.86,4850.44,729084760
1706020200,4856.8,4858.98,4850.43,4854.1,460725963
1706023800,4854.21,4854.33,4844.8,4845.89,318410330
1706027400,4845.86,4851.02,4844.37,4847.77,234240440
1706031000,4847.81,4855.32,4846.41,4852.95,195645730
1706034600,4853.06,4856.06,4851.14,4853.47,195836470
1706038200,4853.51,4864.78,4851.97,4862.19,253400930
1706041800,4862.1,4866.48,4858.91,4864.61,660511530
1706106600,4888.56,4893.6,4880.06,4890.88,509735160
1706110200,4890.96,4901.29,4889.83,4895.22,322005620
1706113800,4895.26,4900.72,4892.91,4898.92,247285710
1706117400,4899.04,4903.68,4890.77,4895.93,243062530
1706121000,4895.94,4896.1,4875.72,4877.7,242723920
1706124600,4877.67,4886.13,4869.76,4870.45,292597270
1706128200,4870.51,4879.46,4865.94,4868.54,730663440
1706193000,4886.66,4898.15,4882.81,4895.87,615614880
1706196600,4895.96,4896.79,4883.61,4893.25,341873800
1706200200,4893.29,4896.09,4879.99,4881.84,289496920
1706203800,4881.87,4888.43,4875.98,4877.99,280409660
1706207400,4877.99,4883.46,4869.34,4876.91,271747280
1706211000,4876.93,4883.79,4873.42,4880.64,291052420
1706214600,4880.67,4895.04,4879.83,4894.17,756372040
1706279400,4888.91,4897.94,4885.86,4897.39,489154910
1706283000,4897.36,4906.69,4896.68,4902.4,292062740
1706286600,4902.45,4904.43,4896.59,4899.39,235557750
1706290200,4899.49,4899.49,4882.93,4889.23,211823480
1706293800,4889.38,4890.38,4881.47,4887.41,196574140
1706297400,4887.38,4896.75,4885.21,4890.08,236758660
1706301000,4890.1,4892.67,4886.25,4890.96,650943340
1706538600,4892.05,4898.44,4889.96,4892.3,372303294
1706542200,4892.47,4894.9,4887.4,4893.54,268984590
1706545800,4893.39,4900.48,4893.27,4898.18,216848570
1706549400,4898.28,4901.48,4894.56,4899.89,189758420
1706553000,4899.91,4904.69,4896.77,4903.52,183810000
1706556600,4903.67,4929.31,4903.11,4925.1,279190050
1706560200,4925.14,4929.03,4919.89,4927.94,715741790
1706625000,4924.81,4929.52,4919.06,4923,532675910
1706628600,4923.01,4926.25,4918.78,4925.72,309525540
1706632200,4925.75,4930.05,4920.54,4920.9,256105000
1706635800,4920.96,4924.46,4916.27,4924.07,223249170
1706639400,4924.11,4927.99,4919.95,4927.31,229233890
1706643000,4927.39,4931.09,4924.98,4929.15,257187020
1706646600,4929.15,4929.63,4922.92,4924.96,671589200
1706711400,4899.19,4906.75,4886.79,4887.83,589380780
1706715000,4887.72,4890.07,4879.14,4885.12,325855740
1706718600,4885.5,4888.69,4878.84,4887.98,237407660
1706722200,4888.04,4892.25,4880.84,4886.88,220872050
1706725800,4886.84,4892.54,4871.94,4876.26,244260180
1706729400,4876.24,4904.74,4852.16,4861.67,423012860
1706733000,4861.53,4862.42,4845.15,4845.66,1133331330
1706797800,4862.61,4876.4,4857.83,4876.32,536491200
1706801400,4876.3,4876.59,4853.52,4860.59,362744870
1706805000,4860.68,4887.45,4860.68,4879.59,271987070
1706808600,4879.52,4896.83,4877.3,4885.09,265907360
1706812200,4884.95,4894.11,4879.5,4889.1,247489240
1706815800,4889.14,4904.44,4886.06,4901.81,282636920
1706819400,4901.86,4906.97,4895.79,4906.18,748914240
1706884200,4916.06,4928.4,4907.99,4923.8,623959240
1706887800,4923.9,4944.48,4918.57,4944.41,340244170
1706891400,4944.18,4959.04,4944.18,4958.75,276479360
1706895000,4958.75,4961.13,4938.36,4952.57,258894590
1706898600,4952.56,4968.49,4948.81,4964.73,232398870
1706902200,4964.58,4975.29,4964.14,4973.87,280866930
1706905800,4973.88,4973.88,4958.36,4958.62,725445650
1707143400,4957.19,4957.19,4923.47,4928.94,539798430
1707147000,4928.68,4933.36,4918.09,4928.3,306759160
1707150600,4928.24,4942,4928.21,4941.96,239461480
1707154200,4942.08,4949.55,4941.2,4941.2,208120440
1707157800,4941.17,4950.15,4941.03,4949.32,196370020
1707161400,4949.36,4956.34,4940.94,4951.65,259730220
1707165000,4951.68,4954.16,4942,4942.82,766276600
1707229800,4951.51,4957.77,4934.88,4938.64,467229970
1707233400,4938.74,4948.11,4938.23,4947.23,297369360
1707237000,4947.28,4948.38,4935.43,4942.71,281368840
1707240600,4942.69,4944.79,4938.9,4943.06,204394720
1707244200,4943.18,4949.94,4935.65,4939.93,222242750
1707247800,4939.89,4949.51,4937.32,4946.1,252943100
1707251400,4946.06,4954.48,4941.01,4954.24,683923940
1707316200,4976.75,4994.44,4969.05,4994.39,539538610
1707319800,4994.51,4995.04,4983.43,4986.05,304441950
1707323400,4986.13,4992.95,4983.87,4988.21,231924970
1707327000,4988.21,4996.45,4982.88,4996.45,220311520
1707330600,4997.12,4998.65,4991.66,4994.27,217472520
1707334200,4994.47,4999.89,4992.84,4996.51,253666470
1707337800,4996.62,4997.73,4991.02,4995.05,753430080
1707402600,4995.16,4997.49,4990.4,4992.91,466518060
1707406200,4992.95,4996,4987.09,4987.46,303819390
1707409800,4987.42,4995.41,4987.11,4994.64,230674090
1707413400,4994.6,4996.46,4988.37,4994.37,214541710
1707417000,4994.37,4997.31,4992.14,4992.48,226087700
1707420600,4992.49,4999.68,4989.76,4998.35,261655690
1707424200,4998.34,5000.4,4992.86,4997.92,693412440
1707489000,5004.17,5011.62,5000.34,5010.65,430798110
1707492600,5010.92,5015.9,5009.5,5011.14,300508860
1707496200,5011.2,5015.14,5007.32,5015.14,241959730
1707499800,5015.14,5021.81,5013.2,5021.15,209392600
1707503400,5021.18,5025.17,5018.98,5024.72,194744240
1707507000,5024.8,5030.06,5021.91,5024.98,240721070
1707510600,5024.72,5027.09,5020.84,5026.62,653507510
1707748200,5026.82,5028.35,5023.98,5026.86,377909083
1707751800,5026.87,5042.78,5026.87,5042.13,266855180
1707755400,5042.32,5048.39,5040.8,5042.77,225049470
1707759000,5042.78,5047.91,5039.25,5039.32,187118880
1707762600,5039.29,5039.44,5016.83,5024.75,227079080
1707766200,5024.73,5026.66,5018.1,5023.09,214261790
1707769800,5023.11,5025.85,5019.24,5021.83,648283040
1707834600,4954.6,4963.55,4945.53,4962.18,472447327
1707838200,4962.52,4970.19,4958.42,4968.67,342166610
1707841800,4968.64,4971.3,4957.22,4958.29,212729100
1707845400,4958.29,4966.21,4953.3,4955.59,191433650
1707849000,4955.56,4955.87,4931.19,4934.52,221621310
1707852600,4934.5,4942.3,4920.31,4926.4,281002570
1707856200,4926.3,4953.78,4925.24,4953.16,735736470
1707921000,4978.98,4991.85,4970.84,4989.04,421348900
1707924600,4989.25,4990.64,4963.98,4974.11,267779390
1707928200,4974.17,4975.57,4956.45,4971.89,214506490
1707931800,4971.95,4977.29,4967.13,4971.17,189874460
1707935400,4971.33,4983.09,4965.19,4979,203964790
1707939000,4979.08,4993.98,4977.2,4992.4,239683040
1707942600,4992.48,5002.52,4987.48,5000.63,712743710
1708007400,5004.86,5016.47,5002.56,5007.48,487659820
1708011000,5007.55,5010.6,4999.44,5005.78,296517260
1708014600,5005.76,5015.96,5004.63,5015.55,239135020
1708018200,5015.61,5025.53,5010.92,5025.49,203805210
1708021800,5025.53,5028.51,5020.82,5026.07,212659250
1708025400,5026.13,5032.72,5023.04,5027.26,242416940
1708029000,5027.17,5031.06,5022.58,5029.72,688290600
1708093800,5029.46,5029.49,4999.52,5012.95,398628194
1708097400,5012.96,5030.84,5008.84,5029.49,269932600
1708101000,5029.52,5035.2,5027.31,5032.57,210325260
1708104600,5032.53,5033.27,5018.03,5026.79,182075520
1708108200,5026.71,5038.7,5026.34,5036.68,175569820
1708111800,5036.63,5037.34,5010.75,5016.11,240677300
1708115400,5016.35,5017.21,5000.51,5005.56,696521000
1708439400,4985.57,4993.71,4968.71,4971.6,453316147
1708443000,4971.69,4982.85,4967.4,4979.01,280112190
1708446600,4979.01,4979.31,4957.78,4960.26,222124970
1708450200,4960.2,4969.2,4955.02,4961.87,191532090
1708453800,4961.87,4970.01,4957.72,4969.45,187903850
1708457400,4969.55,4978.36,4967.05,4976.96,223340550
1708461000,4977.77,4978.04,4961.6,4975.52,728886600
1708525800,4961.65,4970.1,4958.34,4963.7,384565851
1708529400,4963.69,4972.8,4959.91,4967.94,255577600
1708533000,4967.91,4970.41,4958.39,4960.41,217414560
1708536600,4960.45,4966.72,4954.27,4962.35,190386080
1708540200,4962.43,4969.79,4952.3,4956.36,205354710
1708543800,4956.37,4957.29,4946,4953.76,229904110
1708547400,4953.84,4983.21,4953.84,4981.81,654762710
1708612200,5051.37,5064.12,5040.52,5063.29,544360490
1708615800,5063.38,5066.88,5055.19,5063.98,301074200
1708619400,5063.97,5070.03,5059.63,5069.56,228915800
1708623000,5069.61,5078.19,5066.28,5077.87,214423360
1708626600,5077.95,5094.33,5077.27,5094.06,206992530
1708630200,5094.26,5094.39,5079.37,5087.29,264445610
1708633800,5087.4,5092.87,5083.85,5087.02,757081140
1708698600,5101.08,5111.06,5101.08,5102.4,411906325
1708702200,5102.36,5106,5081.46,5091.61,289901010
1708705800,5091.68,5100.07,5087.75,5092.56,214705750
1708709400,5092.6,5099.7,5088.14,5099.3,178241870
1708713000,5099.31,5100.5,5086.73,5087.75,178654480
1708716600,5087.76,5095,5087.45,5089.04,199883090
1708720200,5089.05,5097.19,5087.2,5088.79,678416290
1708957800,5092.53,5097.66,5087.4,5089.55,376018922
1708961400,5089.63,5092.74,5080.28,5083.67,255614030
1708965000,5083.64,5088.65,5082.19,5088.08,224303570
1708968600,5087.98,5088.69,5074.95,5076.1,191627460
1708972200,5076.18,5082.46,5070.27,5081.44,199559070
1708975800,5081.44,5083.27,5076.51,5078.36,219509270
1708979400,5078.43,5079.39,5068.91,5069.54,650948140
1709044200,5075.52,5075.91,5064.13,5071.68,433208770
1709047800,5071.69,5072.68,5065.65,5066.22,248200750
1709051400,5066.22,5069.54,5062.75,5064.99,207528160
1709055000,5064.94,5066.94,5057.29,5061.95,197770330
1709058600,5061.94,5074.3,5061.05,5072.54,194396410
1709062200,5072.62,5077.94,5070.62,5076.96,234891630
1709065800,5076.97,5080.69,5073.82,5078.17,588008490
1709130600,5064.81,5068.53,5058.35,5065.3,391079050
1709134200,5065.22,5077.37,5064.81,5073.74,252545090
1709137800,5073.8,5076.58,5067.92,5069.28,203774210
1709141400,5069.29,5073.98,5063.6,5073.74,172244520
1709145000,5073.69,5076.61,5064.77,5066.78,188337620
1709148600,5066.81,5071.34,5061.1,5070.52,222287990
1709152200,5070.5,5070.73,5062.62,5069.77,600305080
1709217000,5085.36,5096.35,5077.09,5085.34,422617973
1709220600,5085.25,5086.38,5077.67,5079.96,269201150
1709224200,5079.89,5079.89,5061.89,5073.48,218910930
1709227800,5073.57,5086.67,5073.5,5085.9,201539640
1709231400,5085.95,5090.93,5083.2,5085.07,195249810
1709235000,5085.14,5089.82,5080.34,5089.6,236796700
1709238600,5089.55,5104.99,5089.46,5096.28,1455316690
1709303400,5098.98,5112.14,5094.16,5111.77,463119387
1709307000,5111.84,5121.68,5105.47,5116.36,312678370
1709310600,5116.51,5125.59,5111.14,5123.67,234931730
1709314200,5123.72,5130.28,5122.71,5129.76,195819780
1709317800,5129.72,5139.64,5128.25,5139.29,216247700
1709321400,5139.35,5140.33,5131.61,5136.83,250038870
1709325000,5136.92,5139.02,5134.29,5137.07,687325410
1709562600,5130.39,5134.25,5127.18,5133.13,583904320
1709566200,5133.17,5136.94,5130.58,5132.35,362628200
1709569800,5132.31,5139.34,5129.47,5139.27,280088050
1709573400,5139.26,5139.76,5131.55,5133.9,242615790
1709577000,5133.95,5137.98,5133.57,5137.3,233993090
1709580600,5137.28,5149.67,5136.73,5142.8,299194960
1709584200,5143.03,5144.39,5129.61,5130.94,735535890
1709649000,5108.99,5114.54,5088.79,5091.36,520957140
1709652600,5091.45,5091.45,5082.52,5089.34,329626720
1709656200,5089.3,5092.62,5077.82,5092.19,247171570
1709659800,5092.26,5092.64,5081.25,5084.65,219851720
1709663400,5084.52,5088.19,5074.28,5077.72,225558030
1709667000,5077.85,5077.91,5056.92,5057.62,281317380
1709670600,5057.69,5080.95,5056.82,5078.64,750751200
1709735400,5108.03,5116.12,5092.22,5101.54,519947399
1709739000,5101.42,5120.51,5098.22,5120.17,301685520
1709742600,5120.45,5126.5,5112.56,5125.07,261430940
1709746200,5125.01,5127.97,5118.16,5125.77,214975940
1709749800,5125.82,5126.18,5093.64,5108.67,267191670
1709753400,5108.86,5110.8,5093.12,5098.65,262013770
1709757000,5098.63,5109.5,5093.15,5104.77,669349040
1709821800,5137.46,5149.04,5128.21,5148.74,392981673
1709825400,5149.29,5155.37,5145.43,5151.32,283431720
1709829000,5151.24,5156.74,5144.85,5152.15,237541810
1709832600,5152.04,5156.9,5147.3,5156.88,193595590
1709836200,5156.93,5165.62,5155.61,5159.19,213464400
1709839800,5159.24,5160.93,5148.27,5153.09,241172690
1709843400,5153.08,5162.98,5152.83,5157.35,689682790
1709908200,5163.04,5189.26,5161.3,5186.48,455977940
1709911800,5187.23,5187.79,5152.84,5153.24,326832980
1709915400,5153.61,5158.91,5142.25,5152.1,267395090
1709919000,5152.55,5155,5127.65,5129.55,202912380
1709922600,5129.43,5142.54,5117.5,5140.9,210345900
1709926200,5140.85,5150.54,5124.97,5125.97,250342940
1709929800,5125.92,5133.84,5123.68,5123.68,636510340
1710163800,5108.66,5115.44,5091.14,5096.04,424649390
1710167400,5096.18,5114.97,5095.89,5100.51,266135390
1710171000,5100.68,5115.43,5098.44,5111.48,207718510
1710174600,5111.61,5119.23,5108.59,5118.64,180840530
1710178200,5118.61,5121.41,5109.52,5118.13,189919070
1710181800,5118.13,5124.66,5114.32,5114.86,228327410
1710185400,5114.94,5121.79,5112.12,5117.93,668928270
1710250200,5134.3,5157.3,5114.48,5157.03,438186710
1710253800,5157.01,5171.64,5157.01,5168.94,275704600
1710257400,5168.99,5169.71,5156.37,5157.4,227120010
1710261000,5157.44,5160.22,5142.77,5155.61,214700290
1710264600,5155.73,5170.7,5155.46,5170.7,180047240
1710268200,5170.77,5178.36,5162.9,5177.7,227568830
1710271800,5177.76,5179.87,5172.42,5175.28,689115960
1710336600,5175.49,5176.55,5162.85,5170.39,422988940
1710340200,5170.4,5174,5164.43,5166.38,266043640
1710343800,5166.41,5171.77,5164.36,5168.7,216895950
1710347400,5168.77,5178.08,5166.65,5177.8,192746220
1710351000,5177.88,5179.14,5172.8,5174.53,186747430
1710354600,5174.64,5176.53,5151.88,5157.35,246995960
1710358200,5156.77,5168.72,5156.4,5165.3,821936140
1710423000,5175.14,5176.85,5138.27,5155.51,400624965
1710426600,5155.64,5160.98,5145.62,5148.33,267978300
1710430200,5148.41,5155.99,5143.48,5151.67,234158070
1710433800,5151.73,5154.34,5135.74,5136.75,214121640
1710437400,5136.74,5156.52,5132.65,5151.71,224336040
1710441000,5151.58,5153.74,5126.95,5131.19,285590370
1710444600,5131.47,5151.42,5123.3,5150.47,913118770
1710509400,5114.09,5130.52,5108.95,5124.81,479222060
1710513000,5124.78,5136.86,5122.04,5127.52,265132810
1710516600,5127.59,5128.37,5109.82,5111.94,210742200
1710520200,5111.88,5117.83,5104.35,5113.32,209546650
1710523800,5113.35,5121.12,5111.06,5115.7,206297910
1710527400,5115.63,5125.47,5115.2,5121.81,263783700
1710531000,5121.63,5122.36,5113.34,5117.1,2764386250
1710768600,5159.29,5175.6,5157.51,5172.24,438706260
1710772200,5172.85,5173.48,5163.19,5167.69,266191250
1710775800,5167.69,5167.84,5158.78,5162.37,197756410
1710779400,5162.41,5163.49,5155,5162.4,175007670
1710783000,5162.39,5164.19,5153.97,5164.1,174501620
1710786600,5164.07,5164.44,5153.46,5159.38,205575520
1710790200,5159.32,5161.76,5145.47,5149.43,820120040
1710855000,5139.09,5141.75,5131.59,5134.98,370682350
1710858600,5134.85,5148.4,5134.08,5147.55,216895810
1710862200,5147.61,5161.79,5147.61,5160.83,178926590
1710865800,5160.94,5174.93,5160.94,5169.53,184550400
1710869400,5169.49,5173.66,5166.44,5171.15,166241410
1710873000,5171.2,5174.42,5163.13,5166.04,200370640
1710876600,5166.1,5180.31,5164.86,5178.52,801748900
1710941400,5181.69,5184.57,5172.58,5183.84,327194530
1710945000,5184.24,5184.88,5176.32,5182.44,221968740
1710948600,5182.35,5183.5,5175.05,5178.06,182185280
1710952200,5178.04,5182.04,5173.46,5174.6,159302990
1710955800,5174.61,5202.75,5171.55,5196.18,234853090
1710959400,5196.65,5225.12,5179.71,5224.2,363184280
1710963000,5224.28,5226.19,5211.59,5224.63,737094520
1711027800,5255.63,5260.45,5247.82,5257.54,483708180
1711031400,5257.79,5260.01,5250.59,5254.05,318134180
1711035000,5254.02,5260.79,5253.06,5260.33,227899720
1711038600,5260.33,5261.1,5252.42,5254.37,191311410
1711042200,5254.43,5255.72,5245.1,5250.34,221499420
1711045800,5250.3,5250.4,5240.66,5247.76,228810440
1711049400,5247.75,5251.26,5240.91,5241.54,768691630
1711114200,5242.23,5244.56,5234.47,5238.27,321159562
1711117800,5238.29,5238.41,5229.87,5236.86,219775570
1711121400,5237.22,5238.54,5231.89,5234.47,189416550
1711125000,5234.57,5241.91,5230.05,5240.52,165312980
1711128600,5240.57,5246.09,5239.43,5245.13,159261990
1711132200,5245.16,5245.25,5231.71,5237.14,187181210
1711135800,5237.15,5243.15,5233.87,5234.17,657060490
1711373400,5217.91,5228.95,5216.09,5224.67,403214700
1711377000,5224.67,5228.42,5221.16,5226.19,239350570
1711380600,5226.25,5228.55,5222.68,5224.89,191653290
1711384200,5224.92,5225.92,5221.54,5225.3,159865880
1711387800,5225.28,5228.84,5224.15,5228.54,156327280
1711391400,5228.52,5229.09,5221.4,5222.45,188522130
1711395000,5222.48,5226.69,5216.31,5218.18,658475050
1711459800,5231.42,5235.16,5227.88,5230.46,378083140
1711463400,5230.34,5234.17,5226.91,5232.8,242688640
1711467000,5232.85,5234.7,5228.72,5231.26,206141650
1711470600,5231.31,5231.31,5226.93,5228.49,180320000
1711474200,5228.46,5229.89,5225.05,5229.46,190850010
1711477800,5229.51,5230.39,5220.5,5221.76,214550050
1711481400,5221.79,5221.87,5203.42,5203.57,785645230
1711546200,5226.31,5235.89,5216.25,5217.94,437804760
1711549800,5217.92,5223.55,5215.28,5216.26,249247340
1711553400,5216.02,5220.01,5213.92,5219.75,199546470
1711557000,5219.79,5223.66,5216.79,5222.34,198023380
1711560600,5222.31,5228.23,5219.35,5227.35,174495020
1711564200,5227.38,5229.04,5217.8,5227.53,220351630
1711567800,5227.67,5249.26,5226.65,5248.48,754325480
1711632600,5250.3,5255.77,5245.82,5250.33,380076990
1711636200,5250.34,5254.93,5249.47,5254.58,235546580
1711639800,5254.55,5256.05,5250.54,5253.37,199780110
1711643400,5253.41,5253.5,5249.07,5250.09,174402500
1711647000,5250.12,5255.27,5248.4,5254.14,182813990
1711650600,5254.19,5264.42,5249.33,5263.29,213494460
1711654200,5263.41,5264.85,5254.25,5254.34,882829870
1711978200,5256.2,5263.95,5247.88,5249.44,363071790
1711981800,5249.44,5250.46,5232.95,5240.38,237286500
1711985400,5240.32,5240.32,5229.2,5238.98,185680050
1711989000,5238.96,5241.41,5230.07,5235.03,160376070
1711992600,5235.1,5239.49,5233.24,5238.05,157173680
1711996200,5238,5242.14,5235.87,5237.72,188418840
1711999800,5237.7,5247.23,5235.63,5243.78,603065310
1712064600,5194.84,5202.94,5184.05,5190.68,463893000
1712068200,5190.73,5204.29,5186.72,5194.98,251069100
1712071800,5194.97,5197.95,5187.91,5192.92,199936030
1712075400,5192.81,5199.87,5191.76,5195.3,167904030
1712079000,5195.29,5199.78,5192.41,5197.54,172394210
1712082600,5197.65,5204.38,5195.5,5202.66,212444050
1712086200,5202.77,5208.34,5201.6,5205.8,829906330
1712151000,5196.68,5224.87,5196.68,5223.17,405755790
1712154600,5223.11,5228.75,5221.07,5227.07,254935720
1712158200,5227.12,5228.02,5216.77,5224.95,200124950
1712161800,5224.96,5226.91,5213.76,5224.81,169038010
1712165400,5224.81,5226.59,5220.49,5221.01,185830930
1712169000,5221.01,5222.6,5198.05,5203.98,245644090
1712172600,5204.04,5215.93,5201.74,5211.48,764608580
1712237400,5252.18,5254.95,5242.99,5247.18,413173660
1712241000,5247.28,5247.67,5242.1,5245.52,241948710
1712244600,5245.59,5256.59,5244.99,5253.12,211525650
1712248200,5253.18,5254.22,5249.48,5249.72,183323490
1712251800,5249.76,5249.89,5197.69,5198.42,244036830
1712255400,5198.45,5198.45,5155.05,5155.18,383754030
1712259000,5155.03,5160.35,5146.06,5147.2,775359400
1712323800,5160.47,5182.26,5157.21,5172.63,409577840
1712327400,5172.59,5198.82,5170.89,5196.02,292088030
1712331000,5196.05,5217.69,5194.55,5214.7,237247200
1712334600,5214.7,5222.18,5206.31,5210.55,177953880
1712338200,5210.59,5213.69,5188.89,5196.73,195632390
1712341800,5201.05,5204.6,5191.2,5199.99,201138980
1712345400,5200.06,5211.07,5198.95,5204.35,605374780
1712583000,5211.5,5213.69,5198.4,5213.62,395305870
1712586600,5213.7,5219.57,5212.13,5213.03,247740760
1712590200,5213.04,5213.04,5197.35,5203.68,193813550
1712593800,5203.63,5212.29,5202.97,5210.53,159606560
1712597400,5210.51,5212.67,5205.1,5210.17,148539900
1712601000,5210.17,5211.65,5205.21,5210.63,174991450
1712604600,5210.63,5214.64,5200.59,5202.38,617149300
1712669400,5217.03,5224.81,5191.82,5193.31,379618390
1712673000,5192.98,5193.06,5160.78,5176.64,277513560
1712676600,5176.64,5193.19,5174.21,5189.75,211175750
1712680200,5189.82,5194.5,5183.71,5188.48,160688130
1712683800,5188.62,5193.25,5179.96,5183.83,161209060
1712687400,5183.74,5202.7,5174.93,5202.57,203756730
1712691000,5202.41,5211.19,5192.54,5209.92,606101150
1712755800,5153.78,5168.53,5144.65,5164.85,468199090
1712759400,5164.61,5178.43,5152.99,5161.24,263620010
1712763000,5161.43,5161.96,5147.53,5151.07,203802590
1712766600,5151.28,5167.53,5138.7,5156.43,219157920
1712770200,5156.43,5164.91,5141.04,5149.28,227560630
1712773800,5149.17,5167.28,5142.12,5160.08,237819610
1712777400,5160.12,5166.86,5152.17,5160.65,626244300
1712842200,5175.61,5176.14,5138.77,5143.16,378727320
1712845800,5143.16,5158.69,5142,5152.74,246598770
1712849400,5152.76,5172.43,5151.97,5165.93,201089760
1712853000,5166,5195.73,5164.97,5192.51,201420110
1712856600,5192.62,5209.5,5187.68,5207.82,220781890
1712860200,5207.85,5211.78,5202.79,5206.79,238112350
1712863800,5205.72,5210.42,5198.31,5199.05,668401940
1712928600,5162.63,5175.03,5152.96,5155.43,449418070
1712932200,5155.18,5157.26,5137.39,5151.25,273506790
1712935800,5151.3,5156.05,5134.7,5134.83,208764270
1712939400,5134.89,5136.29,5111.82,5113.69,218954190
1712943000,5113.65,5129.78,5110.08,5122.62,211095130
1712946600,5122.71,5123.09,5107.94,5111.56,250195460
1712950200,5111.51,5124.89,5109.41,5123.4,702553130
1713187800,5163.43,5168.43,5136.5,5141.73,409246330
1713191400,5141.96,5145.92,5124.74,5132.11,240116690
1713195000,5132.08,5142.25,5120.83,5122.37,189079400
1713198600,5122.31,5122.31,5082.22,5082.23,192243710
1713202200,5082.06,5083.44,5064.17,5067.73,245220540
1713205800,5067.64,5080.01,5052.47,5058.61,254682350
1713209400,5058.62,5068.13,5058.38,5061.81,712314230
1713274200,5062.27,5067.99,5045.7,5048.64,446500120
1713277800,5048.43,5059.07,5040.88,5057.64,294951700
1713281400,5057.76,5069.06,5051.85,5060.72,221346290
1713285000,5060.79,5066.36,5054.11,5058.77,180164630
1713288600,5058.94,5079.84,5039.83,5046.62,256376120
1713292200,5046.61,5074.07,5046.27,5072.25,223724000
1713295800,5072.03,5072.03,5049.53,5051.4,678820230
1713360600,5071.8,5077.96,5050.65,5059.71,414529580
1713364200,5059.76,5060.69,5037.66,5037.66,261769070
1713367800,5037.45,5037.69,5017.88,5020.7,243102160
1713371400,5020.64,5032.9,5007.25,5032.44,204550980
1713375000,5032.96,5040.72,5027.27,5034.26,207509380
1713378600,5034.43,5055.52,5020.3,5022.71,254495590
1713382200,5022.83,5033.76,5020.91,5022.22,661766370
1713447000,5035.04,5037.75,5012.71,5036.16,402723610
1713450600,5036.24,5056.66,5036.15,5048.14,261912170
1713454200,5048.35,5049.63,5038.49,5041.84,205235610
1713457800,5041.89,5041.98,5004.96,5017.53,212610380
1713461400,5017.64,5019.07,5002.46,5010.7,200137920
1713465000,5010.87,5018.21,5001.89,5013.13,224328740
1713468600,5013.22,5023.35,5008.07,5011.11,656248590
1713533400,5005.67,5019.02,4990.95,4999.09,417181254
1713537000,4999.05,5007.38,4991.02,4993.56,291796480
1713540600,4993.63,4997.56,4967.22,4967.22,253387570
1713544200,4967.31,4991.88,4966.04,4980.82,224773630
1713547800,4980.73,4999.1,4970.19,4970.22,219797230
1713551400,4969.83,4974.28,4955.6,4966.14,293977600
1713555000,4966.18,4969.94,4953.56,4967.24,840944680